{"stats":{"minecraft:mined":{"minecraft:spruce_planks":4,"minecraft:mossy_cobblestone":6,"minecraft:jungle_leaves":2,"minecraft:gray_stained_glass_pane":9,"minecraft:grass_block":76,"minecraft:spruce_leaves":13,"minecraft:spawner":1,"minecraft:large_fern":12,"minecraft:smooth_stone":1,"minecraft:furnace":2,"minecraft:iron_ore":8,"bakery:strawberry_crop":1,"minecraft:stripped_spruce_log":1,"minecraft:stone":69,"minecraft:brown_mushroom":4,"jeg:scrap_ore":5,"minecraft:torch":5,"minecraft:chest":2,"minecraft:dead_bush":2,"minecraft:campfire":1,"farmersdelight:cabbages":11,"minecraft:glass":2,"minecraft:cobblestone":8,"minecraft:copper_ore":31,"minecraft:diorite":1,"minecraft:wall_torch":1,"minecraft:wheat":53,"minecraft:spruce_log":34,"minecraft:grass":6,"minecraft:oak_log":6,"minecraft:coal_ore":29,"minecraft:beetroots":5,"minecraft:gravel":3,"minecraft:dirt":61,"minecraft:sand":128,"minecraft:cracked_stone_bricks":1,"minecraft:stone_bricks":8,"minecraft:oak_leaves":14,"minecraft:fern":22},"minecraft:picked_up":{"minecraft:charcoal":4,"minecraft:wheat":53,"minecraft:brown_mushroom":4,"bakery:strawberry_seeds":1,"nzgmaddon:hunting_rifle":1,"minecraft:string":7,"minecraft:raw_copper":110,"minecraft:iron_leggings":1,"minecraft:beetroot":5,"moguns:micro_uzi":1,"usefulbackpacks:backpack_small":1,"minecraft:smooth_stone":1,"farmersdelight:cabbage":11,"minecraft:spruce_planks":4,"immersive_paintings:glow_painting":8,"minecraft:chest":1,"cgm:advanced_bullet":31,"farmersdelight:cabbage_seeds":27,"minecraft:furnace":2,"minecraft:raw_iron":16,"minecraft:stick":7,"minecraft:torch":5,"farmersdelight:tomato_seeds":5,"minecraft:diorite":1,"minecraft:carrot":33,"minecraft:arrow":9,"minecraft:rotten_flesh":18,"minecraft:beetroot_seeds":15,"firstaid:bandage":16,"minecraft:mutton":5,"minecraft:white_wool":3,"minecraft:cobblestone":78,"minecraft:salmon":4,"minecraft:golden_leggings":2,"minecraft:potato":1,"minecraft:oak_log":6,"jeg:scrap":13,"minecraft:gunpowder":11,"farmersdelight:tomato":33,"minecraft:dirt":155,"minecraft:bone":15,"minecraft:stone_bricks":8,"minecraft:bow":3,"minecraft:wheat_seeds":146,"bakery:oat":1,"minecraft:mossy_stone_bricks":1,"minecraft:diamond_helmet":1,"minecraft:book":1,"bakery:strawberry":33,"immersive_paintings:glow_graffiti":4,"minecraft:gravel":6,"minecraft:sand":127,"minecraft:stripped_spruce_log":1,"minecraft:spruce_sapling":6,"minecraft:spruce_log":32,"minecraft:spider_eye":3,"minecraft:mossy_cobblestone":6,"cgm:pistol":1,"minecraft:light_gray_terracotta":5,"minecraft:pumpkin_seeds":3,"minecraft:bone_meal":3,"minecraft:baked_potato":1,"minecraft:oak_sapling":1,"minecraft:melon_seeds":7,"minecraft:coal":28,"minecraft:ender_pearl":4},"minecraft:broken":{"minecraft:iron_boots":1,"minecraft:iron_chestplate":1,"minecraft:iron_leggings":1,"minecraft:iron_helmet":1,"minecraft:stone_shovel":1},"minecraft:crafted":{"minecraft:oak_planks":24,"minecraft:stone_shovel":2,"minecraft:bone_meal":204,"minecraft:spruce_slab":54,"minecraft:stone_pickaxe":1,"minecraft:chest":4,"minecraft:stone_hoe":1,"farmersdelight:tomato_seeds":3,"minecraft:crafting_table":4,"minecraft:spruce_planks":100,"minecraft:wooden_pickaxe":1,"minecraft:cooked_salmon":4,"minecraft:air":0,"minecraft:charcoal":7,"minecraft:stick":24,"minecraft:iron_shovel":1,"minecraft:composter":7,"minecraft:torch":40,"bakery:strawberry_seeds":9},"minecraft:killed_by":{"minecraft:player":5,"minecraft:spider":1,"man:managgresive":1,"minecraft:skeleton":1,"minecraft:zombie":1,"graveyard:revenant":1,"minecraft:cow":1},"minecraft:used":{"minecraft:iron_shovel":115,"minecraft:stone_shovel":148,"farmersdelight:cabbage_seeds":18,"minecraft:spruce_planks":9,"minecraft:chest":5,"minecraft:shield":2,"minecraft:stone_hoe":57,"minecraft:torch":40,"minecraft:dirt":72,"farmersdelight:tomato":7,"minecraft:iron_axe":101,"minecraft:stone_bricks":6,"minecraft:bow":6,"minecraft:furnace":2,"bakery:strawberry_seeds":10,"minecraft:beetroot_seeds":18,"farmersdelight:tomato_seeds":6,"minecraft:wheat_seeds":124,"minecraft:mossy_stone_bricks":1,"minecraft:water_bucket":2,"minecraft:diorite":1,"minecraft:glass_bottle":4,"cgm:pistol":80,"minecraft:stone_pickaxe":61,"minecraft:baked_potato":15,"minecraft:ender_pearl":2,"minecraft:wooden_pickaxe":4,"minecraft:composter":7,"minecraft:golden_apple":1,"minecraft:crafting_table":4,"minecraft:light_gray_terracotta":5,"immersive_paintings:glow_painting":7,"minecraft:iron_pickaxe":111,"minecraft:spruce_sapling":5,"minecraft:cobblestone":68,"minecraft:potion":6,"minecraft:bucket":3,"nzgmaddon:hunting_rifle":9,"minecraft:bone_meal":207,"minecraft:splash_potion":1},"minecraft:dropped":{"minecraft:stripped_spruce_log":1,"minecraft:mossy_cobblestone":6,"minecraft:book":1,"minecraft:stick":6,"minecraft:iron_door":1,"minecraft:spruce_sapling":1,"minecraft:gravel":3,"minecraft:raw_iron":8,"minecraft:beetroot_seeds":1,"minecraft:golden_leggings":1,"minecraft:oak_sapling":1,"minecraft:stone_bricks":1,"minecraft:spider_eye":3,"minecraft:spruce_slab":5,"minecraft:bow":1,"minecraft:stone_pickaxe":1,"minecraft:wooden_pickaxe":1,"farmersdelight:tomato":14},"minecraft:killed":{"graveyard:revenant":1,"minecraft:spider":7,"minecraft:skeleton":5,"minecraft:salmon":4,"minecraft:creeper":2,"minecraft:sheep":3,"minecraft:zombie":13},"minecraft:custom":{"minecraft:mob_kills":37,"minecraft:animals_bred":3,"minecraft:interact_with_crafting_table":11,"minecraft:interact_with_campfire":1,"minecraft:leave_game":4,"minecraft:time_since_death":13901,"minecraft:climb_one_cm":44619,"minecraft:sprint_one_cm":457813,"minecraft:walk_one_cm":830274,"minecraft:damage_blocked_by_shield":105,"minecraft:drop":20,"minecraft:talked_to_villager":6,"minecraft:play_time":212053,"minecraft:deaths":15,"minecraft:sneak_time":3801,"minecraft:walk_under_water_one_cm":12546,"minecraft:jump":1479,"minecraft:interact_with_brewingstand":2,"minecraft:walk_on_water_one_cm":10966,"minecraft:total_world_time":212053,"minecraft:interact_with_furnace":19,"minecraft:tune_noteblock":1,"minecraft:time_since_rest":13930,"minecraft:damage_taken":5186,"minecraft:damage_dealt":2763,"minecraft:swim_one_cm":15843,"minecraft:fly_one_cm":145108,"minecraft:open_chest":45,"minecraft:crouch_one_cm":5246,"minecraft:fall_one_cm":32993}},"DataVersion":3120}