{"stats":{"minecraft:mined":{"minecraft:spruce_planks":4,"minecraft:brown_mushroom":4,"jeg:scrap_ore":5,"minecraft:gray_stained_glass_pane":8,"minecraft:grass_block":16,"minecraft:campfire":1,"minecraft:glass":1,"minecraft:cobblestone":6,"minecraft:spruce_leaves":5,"minecraft:diorite":1,"minecraft:wall_torch":1,"minecraft:large_fern":1,"minecraft:smooth_stone":1,"minecraft:furnace":2,"minecraft:iron_ore":8,"minecraft:spruce_log":21,"minecraft:stripped_spruce_log":1,"minecraft:coal_ore":7,"minecraft:sand":13,"minecraft:dirt":24,"minecraft:stone":65,"minecraft:stone_bricks":5,"minecraft:fern":1},"minecraft:picked_up":{"minecraft:charcoal":4,"minecraft:salmon":4,"minecraft:golden_leggings":2,"minecraft:brown_mushroom":4,"minecraft:potato":1,"jeg:scrap":13,"minecraft:gunpowder":10,"minecraft:dirt":66,"minecraft:bone":13,"minecraft:stone_bricks":5,"minecraft:bow":3,"minecraft:smooth_stone":1,"minecraft:spruce_planks":4,"immersive_paintings:glow_painting":7,"minecraft:furnace":2,"minecraft:book":1,"bakery:strawberry":15,"minecraft:raw_iron":16,"immersive_paintings:glow_graffiti":4,"minecraft:torch":1,"minecraft:sand":12,"minecraft:stripped_spruce_log":1,"minecraft:diorite":1,"minecraft:spruce_log":19,"minecraft:light_gray_terracotta":5,"minecraft:arrow":9,"minecraft:rotten_flesh":15,"firstaid:bandage":16,"minecraft:baked_potato":1,"minecraft:coal":6,"minecraft:cobblestone":72,"minecraft:ender_pearl":2},"minecraft:crafted":{"minecraft:stone_shovel":1,"minecraft:crafting_table":2,"minecraft:spruce_planks":48,"minecraft:wooden_pickaxe":1,"minecraft:cooked_salmon":4,"minecraft:air":0,"minecraft:stick":16,"minecraft:stone_pickaxe":1,"minecraft:torch":40},"minecraft:killed_by":{"minecraft:player":2,"minecraft:skeleton":1,"graveyard:revenant":1,"minecraft:cow":1},"minecraft:used":{"minecraft:diorite":1,"cgm:pistol":80,"minecraft:glass_bottle":1,"minecraft:stone_shovel":54,"minecraft:stone_pickaxe":61,"minecraft:baked_potato":6,"minecraft:wooden_pickaxe":4,"minecraft:ender_pearl":2,"minecraft:spruce_planks":9,"minecraft:shield":2,"minecraft:torch":5,"minecraft:dirt":31,"minecraft:crafting_table":2,"minecraft:light_gray_terracotta":5,"immersive_paintings:glow_painting":6,"minecraft:iron_axe":66,"minecraft:iron_pickaxe":36,"minecraft:potion":1,"minecraft:cobblestone":63,"minecraft:bow":4,"minecraft:furnace":2,"minecraft:splash_potion":1},"minecraft:dropped":{"minecraft:stripped_spruce_log":1,"minecraft:raw_iron":8,"minecraft:book":1,"minecraft:golden_leggings":1,"minecraft:iron_door":1,"minecraft:bow":1,"minecraft:wooden_pickaxe":1,"minecraft:stone_pickaxe":1},"minecraft:killed":{"minecraft:salmon":4,"minecraft:spider":2,"minecraft:creeper":1,"minecraft:skeleton":5,"minecraft:zombie":11},"minecraft:custom":{"minecraft:interact_with_furnace":11,"minecraft:mob_kills":25,"minecraft:interact_with_crafting_table":4,"minecraft:tune_noteblock":1,"minecraft:interact_with_campfire":1,"minecraft:leave_game":3,"minecraft:time_since_death":6616,"minecraft:climb_one_cm":34354,"minecraft:time_since_rest":6640,"minecraft:sprint_one_cm":174201,"minecraft:damage_taken":3380,"minecraft:walk_one_cm":399423,"minecraft:damage_blocked_by_shield":105,"minecraft:drop":8,"minecraft:damage_dealt":2214,"minecraft:swim_one_cm":13288,"minecraft:talked_to_villager":2,"minecraft:fly_one_cm":50272,"minecraft:open_chest":16,"minecraft:crouch_one_cm":4162,"minecraft:play_time":121025,"minecraft:deaths":8,"minecraft:sneak_time":3287,"minecraft:walk_under_water_one_cm":12267,"minecraft:jump":825,"minecraft:interact_with_brewingstand":1,"minecraft:walk_on_water_one_cm":9574,"minecraft:total_world_time":121025,"minecraft:fall_one_cm":18684}},"DataVersion":3120}