{"stats":{"minecraft:mined":{"minecraft:smooth_stone":1,"minecraft:spruce_planks":4,"jeg:scrap_ore":5,"minecraft:iron_ore":8,"minecraft:spruce_log":21,"minecraft:coal_ore":5,"minecraft:grass_block":2,"minecraft:campfire":1,"minecraft:dirt":1,"minecraft:cobblestone":4,"minecraft:spruce_leaves":5,"minecraft:stone":63,"minecraft:diorite":1,"minecraft:fern":1},"minecraft:picked_up":{"minecraft:raw_iron":8,"minecraft:charcoal":4,"bakery:strawberry":15,"immersive_paintings:glow_graffiti":4,"minecraft:golden_leggings":2,"minecraft:potato":1,"jeg:scrap":13,"minecraft:diorite":1,"minecraft:gunpowder":10,"minecraft:spruce_log":19,"minecraft:dirt":28,"minecraft:light_gray_terracotta":5,"minecraft:arrow":9,"minecraft:bone":13,"minecraft:rotten_flesh":15,"minecraft:bow":3,"minecraft:smooth_stone":1,"minecraft:spruce_planks":4,"minecraft:baked_potato":1,"immersive_paintings:glow_painting":7,"firstaid:bandage":16,"minecraft:coal":4,"minecraft:cobblestone":64,"minecraft:ender_pearl":2},"minecraft:crafted":{"minecraft:crafting_table":1,"minecraft:spruce_planks":48,"minecraft:stick":4,"minecraft:wooden_pickaxe":1,"minecraft:stone_pickaxe":1},"minecraft:killed_by":{"graveyard:revenant":1,"minecraft:cow":1,"minecraft:skeleton":1},"minecraft:dropped":{"minecraft:golden_leggings":1},"minecraft:used":{"minecraft:diorite":1,"minecraft:iron_axe":55,"cgm:pistol":80,"minecraft:stone_pickaxe":61,"minecraft:baked_potato":4,"minecraft:iron_pickaxe":22,"minecraft:spruce_planks":9,"minecraft:ender_pearl":2,"minecraft:shield":2,"minecraft:wooden_pickaxe":4,"minecraft:dirt":28,"minecraft:cobblestone":61,"minecraft:bow":4,"minecraft:crafting_table":1,"minecraft:light_gray_terracotta":5,"immersive_paintings:glow_painting":5,"minecraft:splash_potion":1},"minecraft:killed":{"minecraft:skeleton":5,"minecraft:zombie":11,"minecraft:spider":2,"minecraft:creeper":1},"minecraft:custom":{"minecraft:time_since_rest":7430,"minecraft:interact_with_furnace":2,"minecraft:sprint_one_cm":121233,"minecraft:damage_taken":2473,"minecraft:walk_one_cm":294103,"minecraft:damage_blocked_by_shield":105,"minecraft:mob_kills":21,"minecraft:drop":1,"minecraft:damage_dealt":1933,"minecraft:interact_with_crafting_table":2,"minecraft:tune_noteblock":1,"minecraft:fly_one_cm":39922,"minecraft:open_chest":6,"minecraft:crouch_one_cm":2994,"minecraft:play_time":76862,"minecraft:interact_with_campfire":1,"minecraft:deaths":5,"minecraft:sneak_time":2601,"minecraft:walk_under_water_one_cm":706,"minecraft:jump":565,"minecraft:interact_with_brewingstand":1,"minecraft:walk_on_water_one_cm":247,"minecraft:time_since_death":7391,"minecraft:total_world_time":76862,"minecraft:climb_one_cm":15682,"minecraft:fall_one_cm":13722}},"DataVersion":3120}