{"stats":{"minecraft:mined":{"minecraft:spruce_planks":4,"jeg:scrap_ore":5,"minecraft:grass_block":11,"minecraft:campfire":1,"minecraft:cobblestone":4,"minecraft:spruce_leaves":5,"minecraft:diorite":1,"minecraft:smooth_stone":1,"minecraft:iron_ore":8,"minecraft:spruce_log":21,"minecraft:coal_ore":5,"minecraft:sand":11,"minecraft:dirt":11,"minecraft:stone":65,"minecraft:fern":1},"minecraft:picked_up":{"minecraft:charcoal":4,"minecraft:salmon":4,"minecraft:golden_leggings":2,"minecraft:potato":1,"jeg:scrap":13,"minecraft:gunpowder":10,"minecraft:dirt":42,"minecraft:bone":13,"minecraft:bow":3,"minecraft:smooth_stone":1,"minecraft:spruce_planks":4,"immersive_paintings:glow_painting":7,"minecraft:raw_iron":8,"bakery:strawberry":15,"immersive_paintings:glow_graffiti":4,"minecraft:sand":9,"minecraft:diorite":1,"minecraft:spruce_log":19,"minecraft:light_gray_terracotta":5,"minecraft:arrow":9,"minecraft:rotten_flesh":15,"firstaid:bandage":16,"minecraft:baked_potato":1,"minecraft:coal":4,"minecraft:cobblestone":70,"minecraft:ender_pearl":2},"minecraft:crafted":{"minecraft:stone_shovel":1,"minecraft:crafting_table":2,"minecraft:spruce_planks":48,"minecraft:wooden_pickaxe":1,"minecraft:stick":12,"minecraft:stone_pickaxe":1,"minecraft:torch":16},"minecraft:killed_by":{"minecraft:skeleton":1,"graveyard:revenant":1,"minecraft:cow":1},"minecraft:dropped":{"minecraft:golden_leggings":1,"minecraft:bow":1},"minecraft:used":{"minecraft:diorite":1,"cgm:pistol":80,"minecraft:stone_shovel":28,"minecraft:stone_pickaxe":61,"minecraft:baked_potato":5,"minecraft:shield":2,"minecraft:ender_pearl":2,"minecraft:spruce_planks":9,"minecraft:wooden_pickaxe":4,"minecraft:dirt":31,"minecraft:crafting_table":2,"minecraft:light_gray_terracotta":5,"immersive_paintings:glow_painting":5,"minecraft:iron_axe":61,"minecraft:iron_pickaxe":24,"minecraft:cobblestone":61,"minecraft:bow":4,"minecraft:splash_potion":1},"minecraft:killed":{"minecraft:salmon":4,"minecraft:spider":2,"minecraft:creeper":1,"minecraft:skeleton":5,"minecraft:zombie":11},"minecraft:custom":{"minecraft:interact_with_furnace":2,"minecraft:mob_kills":25,"minecraft:interact_with_crafting_table":4,"minecraft:tune_noteblock":1,"minecraft:interact_with_campfire":1,"minecraft:leave_game":1,"minecraft:time_since_death":19025,"minecraft:climb_one_cm":15682,"minecraft:time_since_rest":19064,"minecraft:sprint_one_cm":122264,"minecraft:damage_taken":2593,"minecraft:walk_one_cm":300912,"minecraft:damage_blocked_by_shield":105,"minecraft:drop":2,"minecraft:damage_dealt":2080,"minecraft:swim_one_cm":9104,"minecraft:fly_one_cm":42126,"minecraft:open_chest":6,"minecraft:crouch_one_cm":3170,"minecraft:play_time":88496,"minecraft:deaths":5,"minecraft:sneak_time":2797,"minecraft:walk_under_water_one_cm":10115,"minecraft:jump":624,"minecraft:interact_with_brewingstand":1,"minecraft:walk_on_water_one_cm":6673,"minecraft:total_world_time":88496,"minecraft:fall_one_cm":14473}},"DataVersion":3120}