{"stats":{"minecraft:mined":{"minecraft:spruce_planks":4,"minecraft:mossy_cobblestone":6,"minecraft:jungle_leaves":2,"minecraft:gray_stained_glass_pane":9,"minecraft:grass_block":64,"minecraft:spruce_leaves":12,"minecraft:spawner":1,"minecraft:large_fern":12,"minecraft:smooth_stone":1,"minecraft:furnace":2,"minecraft:iron_ore":8,"bakery:strawberry_crop":1,"minecraft:stripped_spruce_log":1,"minecraft:stone":65,"minecraft:brown_mushroom":4,"jeg:scrap_ore":5,"minecraft:torch":1,"minecraft:chest":2,"minecraft:dead_bush":2,"minecraft:campfire":1,"farmersdelight:cabbages":4,"minecraft:glass":2,"minecraft:cobblestone":6,"minecraft:copper_ore":1,"minecraft:diorite":1,"minecraft:wall_torch":1,"minecraft:spruce_log":34,"minecraft:grass":6,"minecraft:coal_ore":16,"minecraft:beetroots":5,"minecraft:dirt":58,"minecraft:sand":13,"minecraft:stone_bricks":7,"minecraft:oak_leaves":6,"minecraft:fern":21},"minecraft:picked_up":{"minecraft:charcoal":4,"minecraft:brown_mushroom":4,"bakery:strawberry_seeds":1,"nzgmaddon:hunting_rifle":1,"minecraft:string":1,"minecraft:raw_copper":2,"minecraft:iron_leggings":1,"minecraft:beetroot":5,"moguns:micro_uzi":1,"usefulbackpacks:backpack_small":1,"minecraft:smooth_stone":1,"farmersdelight:cabbage":4,"minecraft:spruce_planks":4,"immersive_paintings:glow_painting":8,"minecraft:chest":1,"cgm:advanced_bullet":31,"farmersdelight:cabbage_seeds":7,"minecraft:furnace":2,"minecraft:raw_iron":16,"minecraft:stick":5,"minecraft:torch":2,"minecraft:diorite":1,"minecraft:arrow":9,"minecraft:rotten_flesh":18,"minecraft:beetroot_seeds":15,"firstaid:bandage":16,"minecraft:cobblestone":72,"minecraft:salmon":4,"minecraft:golden_leggings":2,"minecraft:potato":1,"jeg:scrap":13,"minecraft:gunpowder":11,"farmersdelight:tomato":31,"minecraft:dirt":141,"minecraft:bone":15,"minecraft:stone_bricks":7,"minecraft:bow":3,"minecraft:wheat_seeds":5,"minecraft:diamond_helmet":1,"minecraft:book":1,"bakery:strawberry":15,"immersive_paintings:glow_graffiti":4,"minecraft:sand":12,"minecraft:stripped_spruce_log":1,"minecraft:spruce_sapling":6,"minecraft:spruce_log":32,"minecraft:spider_eye":2,"minecraft:mossy_cobblestone":6,"minecraft:light_gray_terracotta":5,"minecraft:baked_potato":1,"minecraft:coal":15,"minecraft:ender_pearl":4},"minecraft:broken":{"minecraft:iron_boots":1,"minecraft:iron_chestplate":1,"minecraft:iron_leggings":1,"minecraft:iron_helmet":1,"minecraft:stone_shovel":1},"minecraft:crafted":{"minecraft:stone_shovel":1,"minecraft:bone_meal":57,"minecraft:spruce_slab":54,"minecraft:stone_pickaxe":1,"minecraft:chest":2,"minecraft:stone_hoe":1,"farmersdelight:tomato_seeds":3,"minecraft:crafting_table":3,"minecraft:spruce_planks":100,"minecraft:wooden_pickaxe":1,"minecraft:cooked_salmon":4,"minecraft:air":0,"minecraft:charcoal":7,"minecraft:stick":20,"minecraft:composter":7,"minecraft:torch":40,"bakery:strawberry_seeds":1},"minecraft:killed_by":{"minecraft:player":5,"man:managgresive":1,"minecraft:skeleton":1,"minecraft:zombie":1,"graveyard:revenant":1,"minecraft:cow":1},"minecraft:used":{"minecraft:stone_shovel":139,"farmersdelight:cabbage_seeds":11,"minecraft:spruce_planks":9,"minecraft:chest":3,"minecraft:shield":2,"minecraft:stone_hoe":50,"minecraft:torch":10,"minecraft:dirt":46,"minecraft:iron_axe":95,"minecraft:stone_bricks":6,"minecraft:bow":6,"minecraft:furnace":2,"bakery:strawberry_seeds":2,"minecraft:beetroot_seeds":18,"farmersdelight:tomato_seeds":5,"minecraft:wheat_seeds":5,"minecraft:water_bucket":2,"minecraft:diorite":1,"minecraft:glass_bottle":3,"cgm:pistol":80,"minecraft:stone_pickaxe":61,"minecraft:baked_potato":9,"minecraft:ender_pearl":2,"minecraft:wooden_pickaxe":4,"minecraft:crafting_table":3,"minecraft:light_gray_terracotta":5,"immersive_paintings:glow_painting":7,"minecraft:iron_pickaxe":57,"minecraft:spruce_sapling":1,"minecraft:cobblestone":63,"minecraft:potion":3,"minecraft:bucket":3,"minecraft:bone_meal":57,"minecraft:splash_potion":1},"minecraft:dropped":{"minecraft:stripped_spruce_log":1,"minecraft:book":1,"minecraft:iron_door":1,"minecraft:spruce_sapling":1,"minecraft:raw_iron":8,"minecraft:beetroot_seeds":1,"minecraft:golden_leggings":1,"minecraft:spider_eye":2,"minecraft:bow":1,"minecraft:stone_pickaxe":1,"minecraft:wooden_pickaxe":1,"farmersdelight:tomato":14},"minecraft:killed":{"graveyard:revenant":1,"minecraft:spider":3,"minecraft:skeleton":5,"minecraft:salmon":4,"minecraft:creeper":1,"minecraft:zombie":12},"minecraft:custom":{"minecraft:mob_kills":28,"minecraft:animals_bred":1,"minecraft:interact_with_crafting_table":9,"minecraft:interact_with_campfire":1,"minecraft:leave_game":3,"minecraft:time_since_death":4443,"minecraft:climb_one_cm":37619,"minecraft:sprint_one_cm":264415,"minecraft:walk_one_cm":611799,"minecraft:damage_blocked_by_shield":105,"minecraft:drop":13,"minecraft:talked_to_villager":2,"minecraft:play_time":165857,"minecraft:deaths":13,"minecraft:sneak_time":3648,"minecraft:walk_under_water_one_cm":12267,"minecraft:jump":1154,"minecraft:interact_with_brewingstand":1,"minecraft:walk_on_water_one_cm":10488,"minecraft:total_world_time":165857,"minecraft:interact_with_furnace":19,"minecraft:tune_noteblock":1,"minecraft:time_since_rest":4480,"minecraft:damage_taken":4738,"minecraft:damage_dealt":2763,"minecraft:swim_one_cm":13288,"minecraft:fly_one_cm":81749,"minecraft:open_chest":21,"minecraft:crouch_one_cm":5013,"minecraft:fall_one_cm":24555}},"DataVersion":3120}