{"stats":{"minecraft:mined":{"minecraft:spruce_planks":4,"minecraft:brown_mushroom":4,"jeg:scrap_ore":5,"minecraft:mossy_cobblestone":6,"minecraft:jungle_leaves":1,"minecraft:gray_stained_glass_pane":8,"minecraft:torch":1,"minecraft:grass_block":17,"minecraft:dead_bush":1,"minecraft:campfire":1,"minecraft:glass":2,"minecraft:cobblestone":6,"minecraft:spruce_leaves":6,"minecraft:diorite":1,"minecraft:wall_torch":1,"minecraft:spawner":1,"minecraft:large_fern":3,"minecraft:smooth_stone":1,"minecraft:furnace":2,"minecraft:iron_ore":8,"minecraft:spruce_log":21,"minecraft:stripped_spruce_log":1,"minecraft:grass":2,"minecraft:coal_ore":7,"minecraft:sand":13,"minecraft:dirt":24,"minecraft:stone":65,"minecraft:stone_bricks":7,"minecraft:oak_leaves":1,"minecraft:fern":1},"minecraft:picked_up":{"minecraft:charcoal":4,"minecraft:salmon":4,"minecraft:golden_leggings":2,"minecraft:brown_mushroom":4,"minecraft:potato":1,"jeg:scrap":13,"minecraft:gunpowder":10,"farmersdelight:tomato":1,"minecraft:dirt":67,"minecraft:bone":15,"minecraft:stone_bricks":7,"moguns:micro_uzi":1,"minecraft:bow":3,"usefulbackpacks:backpack_small":1,"minecraft:smooth_stone":1,"minecraft:spruce_planks":4,"immersive_paintings:glow_painting":8,"minecraft:stick":1,"minecraft:furnace":2,"minecraft:book":1,"bakery:strawberry":15,"minecraft:raw_iron":16,"immersive_paintings:glow_graffiti":4,"minecraft:torch":2,"minecraft:sand":12,"minecraft:stripped_spruce_log":1,"minecraft:diorite":1,"minecraft:spruce_log":19,"minecraft:mossy_cobblestone":6,"minecraft:light_gray_terracotta":5,"minecraft:arrow":9,"minecraft:rotten_flesh":18,"firstaid:bandage":16,"minecraft:baked_potato":1,"minecraft:coal":6,"minecraft:cobblestone":72,"minecraft:ender_pearl":2},"minecraft:broken":{"minecraft:iron_boots":1,"minecraft:iron_helmet":1,"minecraft:iron_leggings":1},"minecraft:crafted":{"minecraft:stone_shovel":1,"minecraft:crafting_table":3,"minecraft:spruce_planks":48,"minecraft:wooden_pickaxe":1,"minecraft:cooked_salmon":4,"minecraft:bone_meal":57,"minecraft:air":0,"minecraft:charcoal":7,"minecraft:stick":20,"minecraft:stone_pickaxe":1,"minecraft:torch":40,"minecraft:stone_hoe":1},"minecraft:killed_by":{"minecraft:player":5,"minecraft:skeleton":1,"graveyard:revenant":1,"minecraft:cow":1},"minecraft:dropped":{"minecraft:stripped_spruce_log":1,"minecraft:raw_iron":8,"minecraft:book":1,"minecraft:golden_leggings":1,"minecraft:iron_door":1,"minecraft:bow":1,"minecraft:wooden_pickaxe":1,"minecraft:stone_pickaxe":1},"minecraft:used":{"minecraft:water_bucket":1,"minecraft:diorite":1,"cgm:pistol":80,"minecraft:glass_bottle":1,"minecraft:stone_shovel":54,"minecraft:stone_pickaxe":61,"minecraft:baked_potato":7,"farmersdelight:cabbage_seeds":4,"minecraft:wooden_pickaxe":4,"minecraft:ender_pearl":2,"minecraft:spruce_planks":9,"minecraft:shield":2,"minecraft:stone_hoe":27,"minecraft:torch":8,"minecraft:dirt":31,"minecraft:crafting_table":3,"minecraft:light_gray_terracotta":5,"immersive_paintings:glow_painting":7,"minecraft:iron_axe":69,"minecraft:iron_pickaxe":47,"minecraft:stone_bricks":6,"minecraft:potion":2,"minecraft:cobblestone":63,"minecraft:bow":6,"minecraft:furnace":2,"minecraft:beetroot_seeds":5,"minecraft:bucket":1,"farmersdelight:tomato_seeds":2,"minecraft:bone_meal":30,"minecraft:splash_potion":1},"minecraft:killed":{"minecraft:salmon":4,"minecraft:spider":2,"minecraft:creeper":1,"minecraft:skeleton":5,"minecraft:zombie":12},"minecraft:custom":{"minecraft:interact_with_furnace":19,"minecraft:mob_kills":26,"minecraft:interact_with_crafting_table":5,"minecraft:tune_noteblock":1,"minecraft:interact_with_campfire":1,"minecraft:leave_game":3,"minecraft:time_since_death":3376,"minecraft:climb_one_cm":36201,"minecraft:time_since_rest":3425,"minecraft:sprint_one_cm":213507,"minecraft:damage_taken":4391,"minecraft:walk_one_cm":461770,"minecraft:damage_blocked_by_shield":105,"minecraft:drop":8,"minecraft:damage_dealt":2334,"minecraft:swim_one_cm":13288,"minecraft:talked_to_villager":2,"minecraft:fly_one_cm":63175,"minecraft:open_chest":17,"minecraft:crouch_one_cm":4982,"minecraft:play_time":135857,"minecraft:deaths":11,"minecraft:sneak_time":3522,"minecraft:walk_under_water_one_cm":12267,"minecraft:jump":917,"minecraft:interact_with_brewingstand":1,"minecraft:walk_on_water_one_cm":9574,"minecraft:total_world_time":135857,"minecraft:fall_one_cm":22301}},"DataVersion":3120}