{"stats":{"minecraft:mined":{"minecraft:smooth_stone":1,"minecraft:spruce_planks":4,"minecraft:cobblestone":1,"minecraft:spruce_leaves":3,"minecraft:spruce_log":13,"minecraft:stone":63,"minecraft:fern":1},"minecraft:picked_up":{"bakery:strawberry":15,"minecraft:smooth_stone":1,"minecraft:spruce_planks":4,"firstaid:bandage":16,"minecraft:spruce_log":12,"minecraft:cobblestone":60},"minecraft:crafted":{"minecraft:crafting_table":1,"minecraft:spruce_planks":48,"minecraft:stick":4,"minecraft:wooden_pickaxe":1,"minecraft:stone_pickaxe":1},"minecraft:killed_by":{"minecraft:cow":1,"minecraft:skeleton":1},"minecraft:used":{"minecraft:cobblestone":9,"minecraft:crafting_table":1,"minecraft:stone_pickaxe":61,"minecraft:wooden_pickaxe":4},"minecraft:custom":{"minecraft:open_chest":4,"minecraft:time_since_rest":9955,"minecraft:crouch_one_cm":434,"minecraft:play_time":16862,"minecraft:interact_with_furnace":2,"minecraft:sprint_one_cm":8800,"minecraft:walk_one_cm":82386,"minecraft:damage_taken":525,"minecraft:deaths":2,"minecraft:sneak_time":252,"minecraft:jump":53,"minecraft:interact_with_brewingstand":1,"minecraft:damage_dealt":77,"minecraft:time_since_death":9914,"minecraft:climb_one_cm":304,"minecraft:total_world_time":16862,"minecraft:interact_with_crafting_table":2,"minecraft:fly_one_cm":1435,"minecraft:fall_one_cm":670,"minecraft:tune_noteblock":1}},"DataVersion":3120}