{"stats":{"minecraft:used":{"minecraft:iron_chestplate":1,"cgm:pistol":13,"minecraft:iron_pickaxe":1,"minecraft:iron_helmet":1,"minecraft:iron_boots":1,"minecraft:iron_leggings":1},"minecraft:mined":{"minecraft:cobblestone":1},"minecraft:picked_up":{"minecraft:bone":2,"minecraft:rotten_flesh":3,"minecraft:string":1,"minecraft:cobblestone":1},"minecraft:custom":{"minecraft:time_since_rest":9841,"minecraft:open_chest":6,"minecraft:crouch_one_cm":30,"minecraft:play_time":9841,"minecraft:sprint_one_cm":523,"minecraft:damage_taken":26,"minecraft:walk_one_cm":20588,"minecraft:sneak_time":29,"minecraft:mob_kills":2,"minecraft:jump":12,"minecraft:time_since_death":9841,"minecraft:total_world_time":9841,"minecraft:fly_one_cm":139},"minecraft:killed":{"minecraft:zombie":2}},"DataVersion":3120}