{"stats":{"minecraft:used":{"minecraft:iron_bars":1,"minecraft:redstone":1,"minecraft:spruce_planks":3,"minecraft:chest":6,"minecraft:shield":1,"minecraft:green_terracotta":4,"minecraft:iron_chestplate":1,"minecraft:torch":159,"minecraft:cracked_deepslate_tiles":1,"moguns:glockest_glock":17,"moguns:awp":82,"minecraft:lantern":1,"minecraft:iron_axe":42,"minecraft:iron_helmet":1,"minecraft:iron_boots":1,"minecraft:stone_brick_stairs":2,"minecraft:redstone_lamp":6,"minecraft:cobbled_deepslate":8,"minecraft:iron_leggings":1,"minecraft:amethyst_block":1,"cgm:pistol":912,"minecraft:baked_potato":2,"minecraft:crafting_table":2,"minecraft:yellow_concrete":1,"minecraft:light_gray_terracotta":20,"immersive_paintings:glow_painting":3,"minecraft:white_bed":2,"minecraft:redstone_torch":1,"minecraft:diamond_pickaxe":116,"minecraft:black_concrete":1,"minecraft:string":14,"minecraft:iron_pickaxe":252,"graveyard:fire_brazier":1,"minecraft:cobblestone":2,"minecraft:potion":1,"minecraft:splash_potion":1,"minecraft:cobweb":8},"minecraft:mined":{"minecraft:deepslate_tiles":6,"minecraft:tuff":1,"minecraft:spruce_planks":6,"minecraft:white_bed":2,"minecraft:mossy_cobblestone":1,"minecraft:deepslate_diamond_ore":1,"minecraft:budding_amethyst":1,"minecraft:redstone_wire":2,"graveyard:tg_deepslate":5,"minecraft:deepslate_bricks":1,"minecraft:polished_diorite":1,"minecraft:spruce_leaves":13,"minecraft:moss_block":3,"minecraft:spawner":6,"minecraft:light_blue_stained_glass":1,"minecraft:large_fern":2,"minecraft:smooth_stone":5,"minecraft:waxed_oxidized_cut_copper":6,"minecraft:iron_ore":8,"minecraft:cobbled_deepslate":3,"minecraft:green_terracotta":5,"minecraft:andesite":45,"minecraft:black_concrete":1,"minecraft:polished_deepslate":1,"minecraft:deepslate_iron_ore":16,"minecraft:vine":2,"minecraft:iron_bars":2,"minecraft:deepslate_brick_stairs":1,"minecraft:stone":82,"minecraft:flowering_azalea":1,"jeg:scrap_ore":4,"minecraft:amethyst_cluster":5,"minecraft:cobbled_deepslate_wall":1,"minecraft:torch":8,"minecraft:light_gray_terracotta":12,"minecraft:calcite":2,"minecraft:chest":1,"minecraft:copper_ore":28,"minecraft:cobblestone":3,"minecraft:lapis_ore":6,"minecraft:oak_planks":4,"minecraft:wall_torch":4,"minecraft:big_dripleaf":1,"minecraft:amethyst_block":9,"minecraft:deepslate_copper_ore":6,"minecraft:skeleton_skull":1,"jeg:deepslate_scrap_ore":10,"minecraft:repeater":1,"graveyard:vase_block":1,"minecraft:cobblestone_wall":1,"k_turrets:deepslate_titanium_ore":9,"minecraft:redstone_torch":1,"minecraft:spruce_log":9,"minecraft:quartz_pillar":10,"minecraft:tnt":79,"minecraft:grass":1,"minecraft:cracked_deepslate_tiles":2,"k_turrets:titanium_ore":2,"minecraft:oak_log":10,"minecraft:coal_ore":25,"minecraft:yellow_concrete":1,"minecraft:sand":4,"minecraft:dirt":4,"minecraft:cracked_stone_bricks":1,"minecraft:stone_bricks":1,"minecraft:oak_leaves":1,"minecraft:deepslate":8,"minecraft:redstone_lamp":8},"minecraft:killed":{"minecraft:witch":1,"graveyard:skeleton_creeper":1,"graveyard:corrupted_vindicator":4,"graveyard:revenant":4,"minecraft:spider":5,"graveyard:wraith":7,"minecraft:skeleton":20,"graveyard:acolyte":4,"minecraft:chicken":1,"minecraft:drowned":1,"jeg:ghoul":1,"graveyard:ghoul":2,"minecraft:creeper":14,"minecraft:squid":1,"minecraft:zombie":106},"minecraft:dropped":{"minecraft:golden_helmet":2,"minecraft:tnt":1,"minecraft:mossy_cobblestone":1,"minecraft:glass_bottle":1,"minecraft:cobblestone":13,"minecraft:iron_helmet":2,"minecraft:feather":6,"minecraft:glow_berries":2,"minecraft:amethyst_block":41,"minecraft:spruce_button":7,"minecraft:coal":6,"minecraft:cobweb":2,"minecraft:redstone_lamp":4,"minecraft:dirt":4,"minecraft:deepslate_brick_stairs":1,"minecraft:torch":72,"moguns:9x19":64,"usefulbackpacks:backpack_small":1,"nzgmaddon:medium_bullet":27,"minecraft:iron_axe":1,"minecraft:smooth_stone":1,"minecraft:string":11,"minecraft:fishing_rod":1,"minecraft:bone":37,"minecraft:redstone":1,"nzgmaddon:double_barreled_shotgun":1,"cgm:pistol":1,"minecraft:cobblestone_wall":2,"minecraft:raw_copper":98,"minecraft:diamond_hoe":1,"minecraft:chicken":2,"minecraft:rotten_flesh":97,"minecraft:iron_boots":1,"moguns:glockest_glock":1,"minecraft:potato":1,"minecraft:gunpowder":29,"cgm:basic_bullet":1,"minecraft:andesite":7,"minecraft:leather_boots":4,"minecraft:oak_sapling":1,"minecraft:spider_eye":5,"minecraft:slime_ball":1,"minecraft:iron_bars":5,"minecraft:bow":2,"moguns:awp":1,"graveyard:vase_block":2},"minecraft:broken":{"minecraft:iron_boots":1,"minecraft:iron_chestplate":2,"minecraft:iron_leggings":2,"minecraft:iron_pickaxe":1,"minecraft:iron_helmet":2},"minecraft:killed_by":{"minecraft:player":13,"minecraft:creeper":1,"graveyard:acolyte":1,"minecraft:skeleton":9,"minecraft:zombie":33,"graveyard:wraith":6},"minecraft:crafted":{"minecraft:coal":9,"minecraft:iron_nugget":90,"minecraft:spruce_button":6,"minecraft:lever":1,"minecraft:chest":5,"minecraft:coal_block":4,"minecraft:crafting_table":2,"minecraft:spruce_planks":8,"minecraft:diamond_pickaxe":1,"minecraft:gold_nugget":64,"minecraft:stick":24,"minecraft:sandstone":1,"minecraft:gold_ingot":13,"minecraft:torch":156},"minecraft:picked_up":{"minecraft:fishing_rod":1,"cgm:basic_bullet":1,"minecraft:chicken":2,"minecraft:redstone_lamp":10,"minecraft:enchanted_book":1,"minecraft:stone_brick_stairs":2,"minecraft:amethyst_block":54,"minecraft:iron_axe":1,"minecraft:polished_deepslate":1,"minecraft:string":37,"minecraft:raw_copper":119,"moguns:glockest_glock":1,"minecraft:candle":3,"graveyard:corruption":12,"minecraft:cobbled_deepslate":11,"minecraft:deepslate_tiles":6,"usefulbackpacks:backpack_small":1,"minecraft:gold_nugget":8,"minecraft:smooth_stone":2,"nzgmaddon:medium_bullet":24,"minecraft:spruce_planks":9,"minecraft:redstone_torch":1,"minecraft:azalea":1,"minecraft:iron_nugget":3,"immersive_paintings:glow_painting":5,"minecraft:chest":1,"minecraft:iron_boots":1,"minecraft:golden_helmet":2,"minecraft:stick":18,"minecraft:raw_iron":20,"minecraft:torch":76,"minecraft:quartz_pillar":2,"minecraft:carrot":3,"minecraft:redstone":10,"minecraft:green_terracotta":4,"minecraft:tnt":79,"minecraft:rotten_flesh":109,"minecraft:arrow":19,"minecraft:tropical_fish":1,"minecraft:deepslate_bricks":1,"k_turrets:raw_titanium":10,"minecraft:gold_ingot":22,"minecraft:deepslate_brick_stairs":1,"minecraft:glow_berries":2,"minecraft:iron_bars":6,"minecraft:cobblestone":79,"minecraft:cracked_deepslate_tiles":1,"minecraft:feather":6,"minecraft:andesite":7,"minecraft:potato":1,"minecraft:oak_log":10,"jeg:scrap":30,"minecraft:golden_boots":1,"minecraft:cobblestone_wall":2,"minecraft:gunpowder":63,"minecraft:lapis_lazuli":32,"minecraft:lantern":1,"minecraft:dirt":4,"nzgmaddon:double_barreled_shotgun":1,"minecraft:twisting_vines":1,"minecraft:leather_boots":3,"minecraft:bone":50,"minecraft:bow":3,"minecraft:wheat_seeds":1,"minecraft:cobbled_deepslate_wall":1,"minecraft:iron_ingot":38,"moguns:awp":2,"minecraft:moss_block":1,"jeg:tech_trash":1,"minecraft:oak_planks":3,"graveyard:fire_brazier":1,"moguns:762x51":347,"graveyard:bone_dagger":1,"minecraft:yellow_concrete":1,"minecraft:sand":4,"minecraft:amethyst_shard":20,"minecraft:ink_sac":2,"minecraft:white_bed":2,"minecraft:spruce_log":8,"minecraft:spider_eye":5,"minecraft:mossy_cobblestone":1,"cgm:pistol":1,"minecraft:light_gray_terracotta":29,"graveyard:vase_block":1,"minecraft:diamond":2,"minecraft:slime_ball":1,"minecraft:black_concrete":1,"minecraft:iron_helmet":2,"minecraft:spruce_button":1,"minecraft:oak_sapling":1,"minecraft:coal":46,"moguns:9x19":102},"minecraft:custom":{"minecraft:mob_kills":186,"minecraft:interact_with_crafting_table":13,"minecraft:open_barrel":66,"minecraft:damage_dealt_resisted":80,"minecraft:leave_game":2,"minecraft:time_since_death":3340,"minecraft:climb_one_cm":15050,"minecraft:sprint_one_cm":414499,"minecraft:walk_one_cm":575935,"minecraft:damage_blocked_by_shield":20,"minecraft:drop":357,"minecraft:damage_dealt_absorbed":32,"minecraft:play_time":209484,"minecraft:deaths":67,"minecraft:sneak_time":7107,"minecraft:walk_under_water_one_cm":104864,"minecraft:interact_with_lectern":1,"minecraft:jump":2620,"minecraft:walk_on_water_one_cm":185596,"minecraft:total_world_time":209484,"minecraft:interact_with_furnace":2,"minecraft:tune_noteblock":2,"minecraft:sleep_in_bed":5,"minecraft:time_since_rest":3366,"minecraft:damage_taken":15325,"minecraft:damage_dealt":101,"minecraft:swim_one_cm":80710,"minecraft:fly_one_cm":363650,"minecraft:player_kills":17,"minecraft:open_chest":99,"minecraft:crouch_one_cm":8417,"minecraft:fall_one_cm":48292}},"DataVersion":3120}