{"stats":{"minecraft:used":{"cgm:pistol":377,"minecraft:iron_chestplate":1,"minecraft:torch":2,"minecraft:light_gray_terracotta":10,"immersive_paintings:glow_painting":3,"moguns:glockest_glock":17,"moguns:awp":6,"minecraft:iron_axe":28,"minecraft:iron_pickaxe":213,"minecraft:iron_helmet":1,"minecraft:iron_boots":1,"minecraft:splash_potion":1,"minecraft:iron_leggings":1},"minecraft:mined":{"jeg:scrap_ore":1,"minecraft:torch":2,"minecraft:light_gray_terracotta":12,"minecraft:copper_ore":28,"minecraft:cobblestone":1,"minecraft:lapis_ore":6,"minecraft:oak_planks":4,"minecraft:moss_block":2,"minecraft:light_blue_stained_glass":1,"minecraft:large_fern":2,"minecraft:cobblestone_wall":1,"minecraft:iron_ore":3,"minecraft:spruce_log":9,"minecraft:andesite":45,"minecraft:oak_log":10,"minecraft:coal_ore":25,"minecraft:vine":1,"minecraft:iron_bars":1,"minecraft:sand":4,"minecraft:dirt":4,"minecraft:stone":78,"minecraft:oak_leaves":1,"minecraft:deepslate":2},"minecraft:killed":{"jeg:ghoul":1,"minecraft:spider":2,"minecraft:creeper":6,"minecraft:skeleton":7,"minecraft:zombie":58,"minecraft:chicken":1},"minecraft:dropped":{"nzgmaddon:double_barreled_shotgun":1,"minecraft:cobblestone_wall":2,"minecraft:raw_copper":98,"minecraft:mossy_cobblestone":1,"minecraft:rotten_flesh":28,"minecraft:chicken":1,"minecraft:feather":4,"minecraft:cobblestone":13,"minecraft:glow_berries":1,"moguns:glockest_glock":1,"minecraft:coal":6,"minecraft:dirt":4,"minecraft:gunpowder":28,"minecraft:andesite":7,"minecraft:leather_boots":2,"nzgmaddon:medium_bullet":24,"minecraft:iron_bars":2,"minecraft:bow":2,"moguns:awp":1,"minecraft:bone":17},"minecraft:broken":{"minecraft:iron_boots":1,"minecraft:iron_helmet":1,"minecraft:iron_chestplate":1,"minecraft:iron_leggings":1},"minecraft:crafted":{"minecraft:iron_nugget":90,"minecraft:spruce_planks":4,"minecraft:lever":1,"minecraft:gold_nugget":64,"minecraft:stick":4,"minecraft:sandstone":1},"minecraft:killed_by":{"minecraft:player":10,"minecraft:skeleton":6,"minecraft:zombie":10},"minecraft:picked_up":{"minecraft:feather":4,"minecraft:chicken":2,"minecraft:andesite":7,"minecraft:potato":1,"minecraft:oak_log":10,"minecraft:gunpowder":59,"minecraft:cobblestone_wall":2,"minecraft:dirt":4,"minecraft:lapis_lazuli":32,"minecraft:lantern":1,"minecraft:string":4,"minecraft:raw_copper":98,"moguns:glockest_glock":1,"nzgmaddon:double_barreled_shotgun":1,"minecraft:leather_boots":2,"minecraft:bone":17,"minecraft:bow":2,"minecraft:gold_nugget":8,"nzgmaddon:medium_bullet":24,"minecraft:iron_ingot":38,"moguns:awp":2,"immersive_paintings:glow_painting":5,"minecraft:oak_planks":3,"minecraft:raw_iron":3,"moguns:762x51":347,"minecraft:torch":2,"minecraft:sand":4,"minecraft:spruce_log":8,"minecraft:spider_eye":1,"minecraft:mossy_cobblestone":1,"minecraft:light_gray_terracotta":20,"minecraft:arrow":9,"minecraft:rotten_flesh":66,"minecraft:slime_ball":1,"minecraft:gold_ingot":22,"minecraft:glow_berries":2,"minecraft:iron_bars":2,"moguns:9x19":102,"minecraft:coal":31,"minecraft:cobblestone":77},"minecraft:custom":{"minecraft:interact_with_furnace":1,"minecraft:mob_kills":80,"minecraft:leave_game":1,"minecraft:time_since_death":2001,"minecraft:sleep_in_bed":4,"minecraft:climb_one_cm":5742,"minecraft:time_since_rest":2026,"minecraft:sprint_one_cm":146446,"minecraft:damage_taken":6267,"minecraft:walk_one_cm":262409,"minecraft:drop":140,"minecraft:damage_dealt":78,"minecraft:swim_one_cm":5449,"minecraft:fly_one_cm":58769,"minecraft:player_kills":14,"minecraft:open_chest":24,"minecraft:play_time":77873,"minecraft:crouch_one_cm":5365,"minecraft:deaths":29,"minecraft:sneak_time":3866,"minecraft:walk_under_water_one_cm":16275,"minecraft:jump":508,"minecraft:walk_on_water_one_cm":19127,"minecraft:total_world_time":77873,"minecraft:fall_one_cm":15770}},"DataVersion":3120}