{"stats":{"minecraft:dropped":{"minecraft:cobblestone_wall":1,"minecraft:raw_copper":33,"minecraft:chicken":1,"minecraft:cobblestone":13,"minecraft:rotten_flesh":28,"moguns:glockest_glock":1,"minecraft:coal":6,"minecraft:gunpowder":28,"minecraft:andesite":4,"minecraft:iron_bars":2,"minecraft:bone":6},"minecraft:used":{"cgm:pistol":303,"minecraft:iron_chestplate":1,"minecraft:torch":2,"minecraft:light_gray_terracotta":10,"immersive_paintings:glow_painting":3,"moguns:glockest_glock":17,"minecraft:iron_axe":15,"minecraft:iron_pickaxe":165,"minecraft:iron_helmet":1,"minecraft:iron_boots":1,"minecraft:splash_potion":1,"minecraft:iron_leggings":1},"minecraft:killed_by":{"minecraft:player":9,"minecraft:skeleton":4,"minecraft:zombie":8},"minecraft:broken":{"minecraft:iron_boots":1,"minecraft:iron_helmet":1,"minecraft:iron_chestplate":1,"minecraft:iron_leggings":1},"minecraft:mined":{"jeg:scrap_ore":1,"minecraft:light_gray_terracotta":12,"minecraft:torch":2,"minecraft:cobblestone":1,"minecraft:copper_ore":18,"minecraft:oak_planks":4,"minecraft:light_blue_stained_glass":1,"minecraft:large_fern":2,"minecraft:cobblestone_wall":1,"minecraft:iron_ore":3,"minecraft:spruce_log":7,"minecraft:andesite":44,"minecraft:coal_ore":25,"minecraft:vine":1,"minecraft:iron_bars":1,"minecraft:dirt":4,"minecraft:stone":51},"minecraft:picked_up":{"minecraft:feather":2,"minecraft:chicken":2,"minecraft:andesite":6,"minecraft:potato":1,"minecraft:cobblestone_wall":2,"minecraft:gunpowder":56,"minecraft:dirt":4,"minecraft:string":3,"minecraft:lantern":1,"minecraft:raw_copper":63,"moguns:glockest_glock":1,"minecraft:leather_boots":1,"minecraft:bone":13,"minecraft:bow":1,"minecraft:iron_ingot":38,"immersive_paintings:glow_painting":5,"minecraft:oak_planks":3,"minecraft:raw_iron":3,"minecraft:torch":2,"minecraft:spruce_log":7,"minecraft:spider_eye":1,"minecraft:light_gray_terracotta":20,"minecraft:arrow":8,"minecraft:rotten_flesh":57,"minecraft:glow_berries":1,"minecraft:iron_bars":2,"moguns:9x19":102,"minecraft:coal":31,"minecraft:cobblestone":62},"minecraft:custom":{"minecraft:mob_kills":62,"minecraft:time_since_death":2560,"minecraft:sleep_in_bed":4,"minecraft:climb_one_cm":4895,"minecraft:time_since_rest":2589,"minecraft:sprint_one_cm":104089,"minecraft:damage_taken":5057,"minecraft:walk_one_cm":209903,"minecraft:drop":59,"minecraft:damage_dealt":78,"minecraft:swim_one_cm":5449,"minecraft:fly_one_cm":39491,"minecraft:player_kills":12,"minecraft:open_chest":22,"minecraft:crouch_one_cm":3665,"minecraft:play_time":57841,"minecraft:deaths":24,"minecraft:sneak_time":2888,"minecraft:walk_under_water_one_cm":14661,"minecraft:jump":376,"minecraft:walk_on_water_one_cm":16988,"minecraft:total_world_time":57841,"minecraft:fall_one_cm":10904},"minecraft:killed":{"jeg:ghoul":1,"minecraft:spider":1,"minecraft:creeper":3,"minecraft:skeleton":5,"minecraft:zombie":48,"minecraft:chicken":1}},"DataVersion":3120}