{"stats":{"minecraft:dropped":{"minecraft:baked_potato":111,"minecraft:glass_bottle":1,"minecraft:ender_pearl":2,"minecraft:diamond":12,"bakery:strawberry":17,"minecraft:crossbow":1,"minecraft:glow_berries":3,"minecraft:leather":9,"minecraft:cracked_stone_bricks":3,"minecraft:saddle":1,"nzgmaddon:hunting_shotgun":2,"jeg:scrap":9,"jeg:ectoplasm":2,"graveyard:corruption":2,"minecraft:flint":46,"minecraft:music_disc_13":1,"minecraft:redstone_lamp":4,"minecraft:dirt":17,"minecraft:netherite_scrap":1,"minecraft:mutton":2,"moguns:9x19":199,"usefulbackpacks:backpack_small":1,"nzgmaddon:flash_hider":3,"nzgmaddon:medium_bullet":27,"minecraft:sand":5,"minecraft:fishing_rod":1,"minecraft:white_wool":7,"minecraft:cauldron":2,"minecraft:bone":38,"cgm:pistol":2,"minecraft:cobbled_deepslate":3,"minecraft:rotten_flesh":122,"minecraft:oak_planks":7,"minecraft:carrot":291,"minecraft:gunpowder":30,"cgm:basic_bullet":1,"minecraft:skeleton_skull":2,"minecraft:charcoal":7,"minecraft:leather_boots":4,"minecraft:chest":1,"minecraft:white_dye":3,"minecraft:iron_bars":5,"minecraft:arrow":18,"minecraft:quartz":3,"graveyard:oak_coffin":1,"moguns:awp":1,"minecraft:enchanting_table":2,"farmersdelight:tomato_seeds":5,"minecraft:enchanted_book":1,"minecraft:wheat_seeds":1,"minecraft:golden_helmet":2,"immersive_paintings:glow_painting":2,"minecraft:tnt":1,"minecraft:mossy_cobblestone":1,"minecraft:feather":6,"minecraft:iron_helmet":2,"minecraft:cobblestone":15,"minecraft:book":27,"minecraft:amethyst_block":41,"minecraft:spruce_button":7,"minecraft:coal":8,"minecraft:coal_block":5,"minecraft:stick":7,"minecraft:cobweb":12,"minecraft:diamond_horse_armor":1,"minecraft:deepslate_brick_stairs":1,"minecraft:torch":72,"moguns:akm":2,"minecraft:potion":16,"minecraft:iron_axe":2,"minecraft:smooth_stone":1,"minecraft:string":26,"minecraft:spruce_sapling":1,"minecraft:redstone":1,"takesapillage:bastille_blues_music_disc":1,"nzgmaddon:double_barreled_shotgun":1,"cgm:advanced_bullet":52,"minecraft:cobblestone_wall":4,"minecraft:raw_copper":107,"minecraft:diamond_hoe":1,"minecraft:raw_iron":2,"minecraft:chicken":2,"minecraft:iron_boots":1,"moguns:glockest_glock":1,"minecraft:flint_and_steel":2,"minecraft:potato":1,"farmersdelight:flint_knife":1,"moguns:762x39":14,"minecraft:diamond_pickaxe":2,"minecraft:andesite":7,"minecraft:mossy_stone_bricks":12,"minecraft:golden_leggings":2,"minecraft:oak_sapling":1,"minecraft:spider_eye":8,"minecraft:stone_bricks":25,"minecraft:slime_ball":3,"minecraft:bow":2,"graveyard:vase_block":2,"nzgmaddon:hunting_rifle":1},"minecraft:crafted":{"minecraft:black_dye":7,"minecraft:oak_planks":24,"minecraft:lever":1,"minecraft:spruce_pressure_plate":1,"minecraft:chest":19,"minecraft:crafting_table":3,"minecraft:spruce_planks":148,"minecraft:copper_ingot":4,"minecraft:stone_brick_stairs":8,"minecraft:spruce_trapdoor":2,"minecraft:diamond_pickaxe":1,"minecraft:stick":52,"minecraft:iron_ingot":12,"minecraft:gold_ingot":13,"minecraft:sandstone":1,"minecraft:coal":9,"minecraft:iron_nugget":216,"minecraft:spruce_button":7,"minecraft:bone_meal":3,"minecraft:white_carpet":24,"minecraft:lantern":2,"usefulbackpacks:backpack_medium":1,"minecraft:coal_block":18,"minecraft:air":0,"minecraft:white_wool":21,"minecraft:gold_nugget":181,"minecraft:white_dye":3,"minecraft:white_bed":1,"minecraft:torch":268},"minecraft:used":{"minecraft:polished_blackstone":7,"minecraft:oak_sign":1,"minecraft:ladder":1,"minecraft:chest":24,"minecraft:shield":1,"minecraft:green_terracotta":4,"minecraft:iron_chestplate":1,"minecraft:cracked_deepslate_tiles":1,"jeg:grenade":1,"moguns:awp":263,"minecraft:cyan_terracotta":21,"minecraft:lantern":5,"minecraft:iron_helmet":1,"jeg:healing_talisman":1,"minecraft:stone_brick_stairs":11,"minecraft:stone_bricks":235,"minecraft:redstone_lamp":6,"minecraft:furnace":1,"minecraft:skeleton_skull":2,"minecraft:chiseled_polished_blackstone":2,"minecraft:diorite":1,"minecraft:oak_planks":9,"minecraft:blue_bed":3,"minecraft:white_wool":2,"minecraft:sand":5,"minecraft:yellow_concrete":1,"minecraft:light_gray_terracotta":20,"immersive_paintings:glow_painting":3,"minecraft:redstone_torch":1,"minecraft:black_concrete":1,"minecraft:zombie_head":1,"minecraft:string":14,"minecraft:iron_door":2,"minecraft:gravel":5,"graveyard:fire_brazier":1,"minecraft:soul_lantern":2,"minecraft:coal_block":3,"nzgmaddon:hunting_rifle":64,"minecraft:cobweb":8,"minecraft:iron_bars":69,"minecraft:flint_and_steel":17,"minecraft:redstone":1,"minecraft:spruce_planks":8,"graveyard:oak_coffin":1,"minecraft:torch":201,"farmersdelight:flint_knife":9,"minecraft:white_carpet":72,"minecraft:cobblestone_wall":2,"moguns:glockest_glock":17,"minecraft:mossy_cobblestone_stairs":1,"minecraft:iron_axe":156,"minecraft:spruce_button":1,"minecraft:iron_boots":1,"minecraft:minecart":1,"minecraft:cobbled_deepslate":8,"minecraft:iron_leggings":1,"minecraft:amethyst_block":1,"cgm:pistol":1309,"minecraft:glass_bottle":2,"minecraft:baked_potato":17,"minecraft:polished_blackstone_bricks":1,"moguns:akm":349,"minecraft:mossy_cobblestone":1,"minecraft:tnt":2,"minecraft:crafting_table":4,"minecraft:white_bed":5,"minecraft:gray_terracotta":2,"minecraft:diamond_pickaxe":792,"minecraft:iron_pickaxe":252,"minecraft:spruce_pressure_plate":1,"minecraft:spruce_trapdoor":2,"minecraft:potion":5,"minecraft:cobblestone":4,"minecraft:splash_potion":1,"minecraft:smooth_stone":1},"minecraft:killed_by":{"minecraft:creeper":1,"minecraft:pillager":5,"graveyard:acolyte":4,"kevin_trophy:crawler_zombie":1,"man:managgresive":1,"minecraft:zombie":43,"graveyard:revenant":1,"graveyard:wraith":6,"minecraft:player":52,"minecraft:spider":2,"minecraft:skeleton":20},"minecraft:broken":{"minecraft:iron_boots":2,"minecraft:iron_chestplate":2,"minecraft:iron_leggings":2,"minecraft:chainmail_chestplate":1,"minecraft:iron_pickaxe":1,"minecraft:iron_helmet":2},"minecraft:mined":{"minecraft:dark_oak_planks":1,"minecraft:spruce_planks":9,"minecraft:white_bed":4,"minecraft:potted_cactus":2,"minecraft:brewing_stand":1,"minecraft:cave_vines_plant":1,"minecraft:budding_amethyst":1,"minecraft:chiseled_polished_blackstone":2,"minecraft:grass_block":3,"minecraft:deepslate_bricks":1,"minecraft:polished_diorite":1,"minecraft:spawner":13,"minecraft:light_blue_stained_glass":1,"minecraft:smooth_stone":6,"minecraft:polished_blackstone_bricks":4,"minecraft:mossy_cobblestone_stairs":1,"minecraft:iron_ore":9,"minecraft:cobbled_deepslate":3,"minecraft:fire":4,"minecraft:anvil":2,"minecraft:enchanting_table":1,"minecraft:oak_sign":1,"minecraft:iron_bars":94,"minecraft:deepslate_brick_stairs":1,"minecraft:gray_terracotta":2,"minecraft:cyan_terracotta":25,"minecraft:amethyst_cluster":5,"minecraft:blue_stained_glass":1,"minecraft:soul_lantern":2,"minecraft:torch":18,"minecraft:light_gray_terracotta":15,"minecraft:calcite":2,"minecraft:chest":5,"minecraft:white_stained_glass_pane":1,"minecraft:glass":2,"minecraft:cobblestone":6,"minecraft:oak_planks":4,"minecraft:iron_door":2,"minecraft:wall_torch":4,"minecraft:amethyst_block":9,"minecraft:cauldron":2,"minecraft:deepslate_copper_ore":7,"minecraft:skeleton_skull":1,"minecraft:seagrass":1,"minecraft:repeater":1,"graveyard:oak_coffin":2,"minecraft:tnt":80,"minecraft:stone_brick_stairs":1,"minecraft:grass":7,"minecraft:cracked_deepslate_tiles":2,"minecraft:oak_log":16,"minecraft:sand":9,"minecraft:dirt":9,"minecraft:oak_leaves":1,"minecraft:deepslate":11,"minecraft:redstone_lamp":8,"minecraft:deepslate_tiles":6,"minecraft:tuff":1,"minecraft:mossy_cobblestone":5,"minecraft:deepslate_diamond_ore":1,"minecraft:gray_stained_glass_pane":131,"minecraft:ladder":3,"minecraft:nether_bricks":16,"graveyard:tg_deepslate":5,"minecraft:redstone_wire":2,"minecraft:spruce_leaves":33,"minecraft:moss_block":4,"minecraft:large_fern":4,"minecraft:waxed_oxidized_cut_copper":6,"minecraft:furnace":1,"minecraft:carrots":79,"minecraft:andesite":46,"minecraft:green_terracotta":5,"minecraft:black_concrete":1,"minecraft:polished_deepslate":1,"minecraft:bookshelf":9,"minecraft:deepslate_iron_ore":17,"minecraft:vine":4,"minecraft:lantern":1,"minecraft:stone":92,"minecraft:white_wool":2,"minecraft:flowering_azalea":2,"jeg:scrap_ore":4,"minecraft:chiseled_nether_bricks":8,"minecraft:crafting_table":2,"minecraft:cobbled_deepslate_wall":1,"minecraft:copper_ore":28,"minecraft:lapis_ore":6,"minecraft:deepslate_gold_ore":8,"minecraft:diorite":1,"minecraft:big_dripleaf":1,"jeg:deepslate_scrap_ore":10,"minecraft:coarse_dirt":1,"graveyard:vase_block":1,"minecraft:cobblestone_wall":15,"minecraft:polished_blackstone_slab":2,"k_turrets:deepslate_titanium_ore":9,"minecraft:redstone_torch":1,"minecraft:white_carpet":49,"minecraft:spruce_log":86,"minecraft:quartz_pillar":10,"k_turrets:titanium_ore":2,"minecraft:coal_ore":25,"minecraft:gravel":6,"minecraft:yellow_concrete":1,"minecraft:cracked_stone_bricks":52,"minecraft:polished_blackstone":10,"minecraft:stone_bricks":332,"minecraft:mossy_stone_bricks":37,"minecraft:fern":1},"minecraft:picked_up":{"cgm:basic_bullet":385,"minecraft:flower_pot":2,"minecraft:anvil":1,"minecraft:potion":12,"minecraft:enchanted_book":2,"minecraft:stone_brick_stairs":3,"minecraft:brewing_stand":1,"minecraft:amethyst_block":54,"minecraft:polished_deepslate":1,"minecraft:string":89,"minecraft:raw_copper":133,"moguns:glockest_glock":1,"minecraft:zombie_head":1,"minecraft:oak_sign":1,"minecraft:cobbled_deepslate":17,"minecraft:deepslate_tiles":6,"minecraft:smooth_stone":3,"minecraft:gold_nugget":8,"minecraft:spruce_planks":13,"minecraft:redstone_torch":1,"minecraft:azalea":1,"immersive_paintings:glow_painting":5,"minecraft:coal_block":5,"cgm:advanced_bullet":117,"minecraft:furnace":1,"minecraft:iron_boots":1,"minecraft:golden_helmet":2,"minecraft:stick":31,"moguns:akm":3,"minecraft:torch":88,"minecraft:diorite":1,"minecraft:green_terracotta":4,"minecraft:cauldron":4,"minecraft:chiseled_nether_bricks":8,"minecraft:cactus":2,"minecraft:rotten_flesh":199,"minecraft:tropical_fish":1,"minecraft:cyan_terracotta":21,"takesapillage:bastille_blues_music_disc":1,"minecraft:deepslate_brick_stairs":1,"minecraft:iron_bars":96,"minecraft:cobblestone":83,"minecraft:enchanting_table":2,"minecraft:feather":6,"minecraft:iron_door":2,"minecraft:andesite":7,"minecraft:golden_leggings":3,"minecraft:potato":1,"minecraft:flint":47,"jeg:scrap":30,"minecraft:lapis_lazuli":32,"minecraft:lantern":3,"minecraft:dirt":30,"minecraft:leather_boots":3,"nzgmaddon:double_barreled_shotgun":2,"minecraft:twisting_vines":1,"nzgmaddon:hunting_shotgun":2,"minecraft:bone":82,"minecraft:bow":3,"minecraft:gray_terracotta":2,"minecraft:cobbled_deepslate_wall":1,"minecraft:wheat_seeds":3,"minecraft:raw_gold":8,"moguns:awp":2,"minecraft:mossy_stone_bricks":39,"minecraft:moss_block":2,"minecraft:oak_planks":3,"graveyard:fire_brazier":1,"minecraft:chiseled_polished_blackstone":2,"minecraft:music_disc_13":1,"graveyard:bone_dagger":1,"minecraft:polished_blackstone_slab":2,"minecraft:sand":15,"minecraft:ink_sac":9,"minecraft:mossy_cobblestone":5,"graveyard:oak_coffin":3,"cgm:pistol":1,"minecraft:light_gray_terracotta":32,"minecraft:diamond":14,"minecraft:black_concrete":1,"minecraft:soul_lantern":2,"minecraft:crossbow":3,"minecraft:spruce_button":1,"minecraft:oak_sapling":1,"moguns:9x19":192,"minecraft:diamond_pickaxe":2,"minecraft:fishing_rod":1,"minecraft:charcoal":7,"minecraft:crafting_table":2,"minecraft:chicken":2,"minecraft:ladder":4,"minecraft:redstone_lamp":10,"minecraft:diamond_horse_armor":1,"nzgmaddon:flash_hider":4,"nzgmaddon:hunting_rifle":1,"nzgmaddon:ballistic_scope":1,"minecraft:flint_and_steel":2,"moguns:762x39":595,"minecraft:iron_axe":2,"minecraft:netherite_scrap":2,"minecraft:white_carpet":48,"graveyard:corruption":16,"minecraft:cracked_stone_bricks":51,"minecraft:candle":3,"usefulbackpacks:backpack_small":1,"nzgmaddon:medium_bullet":24,"minecraft:beef":5,"minecraft:iron_nugget":6,"minecraft:minecart":3,"minecraft:chest":6,"minecraft:phantom_membrane":1,"minecraft:raw_iron":24,"minecraft:polished_blackstone_bricks":5,"minecraft:white_dye":3,"farmersdelight:tomato_seeds":5,"minecraft:quartz_pillar":2,"minecraft:carrot":529,"minecraft:redstone":10,"minecraft:tnt":80,"jeg:healing_talisman":1,"minecraft:arrow":55,"minecraft:nether_bricks":15,"k_turrets:raw_titanium":10,"minecraft:deepslate_bricks":1,"minecraft:saddle":1,"minecraft:gold_ingot":22,"minecraft:polished_blackstone":9,"minecraft:glow_berries":4,"minecraft:mutton":4,"minecraft:skeleton_skull":2,"minecraft:white_wool":10,"minecraft:cracked_deepslate_tiles":1,"minecraft:leather":22,"minecraft:oak_log":16,"minecraft:golden_boots":1,"minecraft:cobblestone_wall":15,"minecraft:gunpowder":71,"minecraft:blue_bed":3,"minecraft:white_banner":1,"minecraft:stone_bricks":356,"minecraft:iron_ingot":67,"minecraft:cobweb":15,"jeg:tech_trash":1,"minecraft:book":46,"bakery:strawberry":34,"moguns:762x51":437,"minecraft:yellow_concrete":1,"minecraft:quartz":6,"minecraft:gravel":5,"minecraft:amethyst_shard":20,"minecraft:spruce_sapling":1,"minecraft:white_bed":4,"minecraft:spruce_log":85,"minecraft:spider_eye":18,"minecraft:slime_ball":4,"graveyard:vase_block":1,"jeg:ectoplasm":4,"minecraft:iron_helmet":2,"minecraft:mossy_cobblestone_stairs":1,"minecraft:baked_potato":108,"minecraft:coal":46,"minecraft:ender_pearl":2},"minecraft:custom":{"minecraft:interact_with_crafting_table":85,"minecraft:open_barrel":86,"minecraft:leave_game":6,"minecraft:time_since_death":53444,"minecraft:sprint_one_cm":1072888,"minecraft:damage_blocked_by_shield":20,"minecraft:drop":658,"minecraft:play_noteblock":8,"minecraft:talked_to_villager":4,"minecraft:play_time":623147,"minecraft:deaths":149,"minecraft:jump":7991,"minecraft:walk_on_water_one_cm":233846,"minecraft:interact_with_furnace":30,"minecraft:sleep_in_bed":13,"minecraft:damage_dealt":407,"minecraft:player_kills":43,"minecraft:crouch_one_cm":23799,"minecraft:interact_with_anvil":5,"minecraft:mob_kills":372,"minecraft:damage_dealt_resisted":80,"minecraft:climb_one_cm":173465,"minecraft:walk_one_cm":1800326,"minecraft:damage_dealt_absorbed":32,"minecraft:sneak_time":17302,"minecraft:walk_under_water_one_cm":126785,"minecraft:interact_with_lectern":1,"minecraft:total_world_time":623147,"minecraft:tune_noteblock":19,"minecraft:time_since_rest":8311,"minecraft:damage_taken":33006,"minecraft:minecart_one_cm":249890,"minecraft:swim_one_cm":137025,"minecraft:fly_one_cm":922150,"minecraft:open_chest":422,"minecraft:fall_one_cm":182684},"minecraft:killed":{"graveyard:skeleton_creeper":6,"minecraft:witch":1,"minecraft:spider":46,"graveyard:wraith":7,"minecraft:skeleton":46,"graveyard:acolyte":5,"minecraft:chicken":1,"jeg:ghoul":2,"minecraft:creeper":28,"minecraft:sheep":2,"minecraft:pillager":10,"minecraft:zombie":175,"minecraft:cow":2,"graveyard:corrupted_vindicator":4,"graveyard:revenant":4,"minecraft:drowned":1,"graveyard:ghoul":3,"minecraft:bat":1,"minecraft:squid":5,"kevin_trophy:crawler_zombie":3,"kevin_trophy:zombie_brute":1}},"DataVersion":3120}