{"stats":{"minecraft:dropped":{"minecraft:gunpowder":28,"minecraft:andesite":4,"minecraft:cobblestone":13,"minecraft:rotten_flesh":14,"minecraft:coal":6,"minecraft:bone":6},"minecraft:used":{"cgm:pistol":154,"minecraft:iron_pickaxe":136,"minecraft:iron_helmet":1,"minecraft:iron_boots":1,"minecraft:iron_chestplate":1,"minecraft:light_gray_terracotta":6,"immersive_paintings:glow_painting":3,"minecraft:iron_leggings":1,"minecraft:splash_potion":1},"minecraft:killed_by":{"minecraft:player":8,"minecraft:skeleton":1,"minecraft:zombie":4},"minecraft:mined":{"minecraft:cobblestone_wall":1,"minecraft:andesite":42,"minecraft:torch":1,"minecraft:light_gray_terracotta":11,"minecraft:coal_ore":25,"minecraft:iron_bars":1,"minecraft:copper_ore":11,"minecraft:cobblestone":1,"minecraft:stone":41},"minecraft:broken":{"minecraft:iron_helmet":1,"minecraft:iron_leggings":1,"minecraft:iron_boots":1},"minecraft:picked_up":{"minecraft:feather":2,"minecraft:chicken":1,"minecraft:andesite":4,"minecraft:torch":1,"minecraft:potato":1,"minecraft:gunpowder":39,"minecraft:cobblestone_wall":1,"minecraft:string":2,"minecraft:raw_copper":33,"minecraft:light_gray_terracotta":16,"minecraft:bone":6,"minecraft:arrow":4,"minecraft:rotten_flesh":25,"immersive_paintings:glow_painting":5,"minecraft:coal":31,"moguns:9x19":57,"minecraft:iron_bars":1,"minecraft:glow_berries":1,"minecraft:cobblestone":13},"minecraft:custom":{"minecraft:time_since_rest":6110,"minecraft:sprint_one_cm":69797,"minecraft:damage_taken":3479,"minecraft:walk_one_cm":142208,"minecraft:mob_kills":28,"minecraft:drop":52,"minecraft:damage_dealt":78,"minecraft:swim_one_cm":2787,"minecraft:fly_one_cm":28752,"minecraft:player_kills":12,"minecraft:open_chest":19,"minecraft:crouch_one_cm":3448,"minecraft:play_time":39841,"minecraft:deaths":15,"minecraft:sneak_time":2080,"minecraft:walk_under_water_one_cm":2623,"minecraft:jump":257,"minecraft:time_since_death":6081,"minecraft:walk_on_water_one_cm":10082,"minecraft:sleep_in_bed":2,"minecraft:total_world_time":39841,"minecraft:climb_one_cm":4343,"minecraft:fall_one_cm":8332},"minecraft:killed":{"minecraft:skeleton":1,"minecraft:zombie":25,"minecraft:chicken":1}},"DataVersion":3120}