{"stats":{"minecraft:used":{"cgm:pistol":503,"minecraft:iron_chestplate":1,"minecraft:torch":21,"minecraft:crafting_table":1,"minecraft:white_bed":2,"minecraft:light_gray_terracotta":11,"immersive_paintings:glow_painting":3,"moguns:glockest_glock":17,"moguns:awp":21,"minecraft:lantern":1,"minecraft:iron_axe":28,"minecraft:iron_pickaxe":213,"minecraft:iron_helmet":1,"minecraft:iron_boots":1,"minecraft:stone_brick_stairs":2,"minecraft:splash_potion":1,"minecraft:iron_leggings":1},"minecraft:mined":{"minecraft:white_bed":2,"jeg:scrap_ore":1,"minecraft:torch":2,"minecraft:light_gray_terracotta":12,"minecraft:copper_ore":28,"minecraft:cobblestone":1,"minecraft:spruce_leaves":8,"minecraft:lapis_ore":6,"minecraft:oak_planks":4,"minecraft:moss_block":2,"minecraft:light_blue_stained_glass":1,"minecraft:large_fern":2,"minecraft:cobblestone_wall":1,"minecraft:iron_ore":3,"minecraft:spruce_log":9,"minecraft:andesite":45,"minecraft:oak_log":10,"minecraft:coal_ore":25,"minecraft:vine":1,"minecraft:iron_bars":1,"minecraft:sand":4,"minecraft:dirt":4,"minecraft:stone":78,"minecraft:oak_leaves":1,"minecraft:deepslate":2},"minecraft:killed":{"jeg:ghoul":1,"graveyard:ghoul":1,"graveyard:revenant":3,"minecraft:spider":5,"minecraft:squid":1,"minecraft:creeper":9,"minecraft:skeleton":12,"minecraft:zombie":68,"minecraft:chicken":1},"minecraft:dropped":{"nzgmaddon:double_barreled_shotgun":1,"cgm:pistol":1,"minecraft:golden_helmet":2,"minecraft:cobblestone_wall":2,"minecraft:raw_copper":98,"minecraft:mossy_cobblestone":1,"minecraft:rotten_flesh":74,"minecraft:chicken":2,"minecraft:feather":6,"minecraft:cobblestone":13,"minecraft:glow_berries":2,"moguns:glockest_glock":1,"minecraft:coal":6,"minecraft:potato":1,"minecraft:dirt":4,"minecraft:gunpowder":29,"minecraft:torch":71,"minecraft:andesite":7,"minecraft:leather_boots":4,"minecraft:oak_sapling":1,"minecraft:slime_ball":1,"minecraft:spider_eye":1,"nzgmaddon:medium_bullet":24,"minecraft:iron_bars":2,"minecraft:bow":2,"minecraft:string":3,"moguns:awp":1,"minecraft:bone":33},"minecraft:broken":{"minecraft:iron_boots":1,"minecraft:iron_helmet":1,"minecraft:iron_chestplate":1,"minecraft:iron_leggings":1},"minecraft:crafted":{"minecraft:crafting_table":1,"minecraft:iron_nugget":90,"minecraft:spruce_planks":8,"minecraft:lever":1,"minecraft:gold_nugget":64,"minecraft:stick":8,"minecraft:sandstone":1,"minecraft:torch":92},"minecraft:killed_by":{"minecraft:player":11,"minecraft:skeleton":7,"minecraft:creeper":1,"minecraft:zombie":12},"minecraft:picked_up":{"minecraft:feather":6,"minecraft:chicken":2,"minecraft:andesite":7,"minecraft:potato":1,"minecraft:stone_brick_stairs":2,"minecraft:oak_log":10,"minecraft:gunpowder":60,"minecraft:cobblestone_wall":2,"minecraft:dirt":4,"minecraft:lapis_lazuli":32,"minecraft:lantern":1,"minecraft:string":7,"minecraft:raw_copper":98,"moguns:glockest_glock":1,"nzgmaddon:double_barreled_shotgun":1,"minecraft:leather_boots":3,"minecraft:bone":33,"minecraft:bow":3,"minecraft:gold_nugget":8,"nzgmaddon:medium_bullet":24,"minecraft:iron_ingot":38,"moguns:awp":2,"immersive_paintings:glow_painting":5,"minecraft:oak_planks":3,"minecraft:stick":16,"minecraft:golden_helmet":2,"minecraft:raw_iron":3,"moguns:762x51":347,"minecraft:torch":40,"minecraft:sand":4,"minecraft:ink_sac":2,"minecraft:white_bed":2,"minecraft:spruce_log":8,"minecraft:spider_eye":3,"minecraft:mossy_cobblestone":1,"cgm:pistol":1,"minecraft:light_gray_terracotta":29,"minecraft:arrow":13,"minecraft:rotten_flesh":85,"minecraft:slime_ball":1,"minecraft:gold_ingot":22,"minecraft:oak_sapling":1,"minecraft:glow_berries":2,"minecraft:iron_bars":5,"moguns:9x19":102,"minecraft:coal":45,"minecraft:cobblestone":77},"minecraft:custom":{"minecraft:interact_with_furnace":2,"minecraft:mob_kills":108,"minecraft:interact_with_crafting_table":1,"minecraft:tune_noteblock":2,"minecraft:leave_game":1,"minecraft:time_since_death":1576,"minecraft:sleep_in_bed":5,"minecraft:climb_one_cm":7436,"minecraft:time_since_rest":359,"minecraft:sprint_one_cm":211213,"minecraft:damage_taken":7639,"minecraft:walk_one_cm":318887,"minecraft:drop":273,"minecraft:damage_dealt":78,"minecraft:swim_one_cm":12849,"minecraft:fly_one_cm":135719,"minecraft:player_kills":14,"minecraft:open_chest":30,"minecraft:play_time":95873,"minecraft:crouch_one_cm":5365,"minecraft:deaths":34,"minecraft:sneak_time":3951,"minecraft:walk_under_water_one_cm":26061,"minecraft:jump":860,"minecraft:walk_on_water_one_cm":26382,"minecraft:total_world_time":95873,"minecraft:fall_one_cm":23360}},"DataVersion":3120}