{"stats":{"minecraft:used":{"minecraft:iron_bars":1,"minecraft:redstone":1,"minecraft:spruce_planks":5,"minecraft:chest":6,"minecraft:shield":1,"minecraft:green_terracotta":4,"minecraft:iron_chestplate":1,"minecraft:torch":159,"farmersdelight:flint_knife":9,"minecraft:cracked_deepslate_tiles":1,"moguns:glockest_glock":17,"moguns:awp":140,"minecraft:lantern":1,"minecraft:iron_axe":56,"minecraft:iron_helmet":1,"minecraft:iron_boots":1,"minecraft:stone_brick_stairs":2,"minecraft:redstone_lamp":6,"minecraft:furnace":1,"minecraft:cobbled_deepslate":8,"minecraft:iron_leggings":1,"minecraft:amethyst_block":1,"cgm:pistol":1134,"minecraft:baked_potato":2,"minecraft:crafting_table":2,"minecraft:yellow_concrete":1,"minecraft:light_gray_terracotta":20,"immersive_paintings:glow_painting":3,"minecraft:white_bed":2,"minecraft:redstone_torch":1,"minecraft:diamond_pickaxe":118,"minecraft:black_concrete":1,"minecraft:string":14,"minecraft:iron_pickaxe":252,"graveyard:fire_brazier":1,"minecraft:coal_block":3,"minecraft:cobblestone":2,"minecraft:potion":1,"nzgmaddon:hunting_rifle":8,"minecraft:splash_potion":1,"minecraft:cobweb":8},"minecraft:mined":{"minecraft:deepslate_tiles":6,"minecraft:tuff":1,"minecraft:spruce_planks":7,"minecraft:white_bed":2,"minecraft:mossy_cobblestone":1,"minecraft:deepslate_diamond_ore":1,"minecraft:budding_amethyst":1,"minecraft:redstone_wire":2,"graveyard:tg_deepslate":5,"minecraft:deepslate_bricks":1,"minecraft:polished_diorite":1,"minecraft:spruce_leaves":17,"minecraft:moss_block":3,"minecraft:spawner":6,"minecraft:light_blue_stained_glass":1,"minecraft:large_fern":2,"minecraft:smooth_stone":5,"minecraft:waxed_oxidized_cut_copper":6,"minecraft:furnace":1,"minecraft:iron_ore":8,"minecraft:cobbled_deepslate":3,"minecraft:green_terracotta":5,"minecraft:andesite":45,"minecraft:black_concrete":1,"minecraft:polished_deepslate":1,"minecraft:deepslate_iron_ore":16,"minecraft:vine":2,"minecraft:iron_bars":2,"minecraft:deepslate_brick_stairs":1,"minecraft:stone":82,"minecraft:flowering_azalea":1,"jeg:scrap_ore":4,"minecraft:amethyst_cluster":5,"minecraft:cobbled_deepslate_wall":1,"minecraft:torch":8,"minecraft:light_gray_terracotta":12,"minecraft:calcite":2,"minecraft:chest":1,"minecraft:copper_ore":28,"minecraft:cobblestone":4,"minecraft:lapis_ore":6,"minecraft:oak_planks":4,"minecraft:wall_torch":4,"minecraft:big_dripleaf":1,"minecraft:amethyst_block":9,"minecraft:deepslate_copper_ore":6,"minecraft:skeleton_skull":1,"jeg:deepslate_scrap_ore":10,"minecraft:repeater":1,"graveyard:vase_block":1,"minecraft:cobblestone_wall":1,"k_turrets:deepslate_titanium_ore":9,"minecraft:redstone_torch":1,"minecraft:spruce_log":11,"minecraft:quartz_pillar":10,"minecraft:tnt":79,"minecraft:grass":1,"minecraft:cracked_deepslate_tiles":2,"k_turrets:titanium_ore":2,"minecraft:oak_log":16,"minecraft:coal_ore":25,"minecraft:yellow_concrete":1,"minecraft:sand":4,"minecraft:dirt":4,"minecraft:cracked_stone_bricks":1,"minecraft:stone_bricks":1,"minecraft:oak_leaves":1,"minecraft:deepslate":8,"minecraft:redstone_lamp":8},"minecraft:killed":{"minecraft:witch":1,"graveyard:skeleton_creeper":2,"graveyard:corrupted_vindicator":4,"graveyard:revenant":4,"minecraft:spider":13,"graveyard:wraith":7,"minecraft:skeleton":33,"graveyard:acolyte":5,"minecraft:chicken":1,"minecraft:drowned":1,"jeg:ghoul":1,"graveyard:ghoul":2,"minecraft:creeper":17,"minecraft:squid":1,"minecraft:sheep":1,"minecraft:zombie":142},"minecraft:dropped":{"minecraft:golden_helmet":2,"immersive_paintings:glow_painting":2,"minecraft:diamond":10,"minecraft:tnt":1,"minecraft:mossy_cobblestone":1,"minecraft:glass_bottle":1,"minecraft:cobblestone":15,"minecraft:iron_helmet":2,"minecraft:feather":6,"minecraft:glow_berries":2,"nzgmaddon:hunting_shotgun":2,"minecraft:amethyst_block":41,"minecraft:spruce_button":7,"jeg:scrap":9,"minecraft:coal":8,"minecraft:cobweb":2,"minecraft:redstone_lamp":4,"minecraft:dirt":4,"minecraft:deepslate_brick_stairs":1,"minecraft:torch":72,"moguns:akm":1,"moguns:9x19":199,"usefulbackpacks:backpack_small":1,"nzgmaddon:flash_hider":3,"nzgmaddon:medium_bullet":27,"minecraft:iron_axe":1,"minecraft:smooth_stone":1,"minecraft:string":13,"minecraft:fishing_rod":1,"minecraft:bone":37,"minecraft:redstone":1,"nzgmaddon:double_barreled_shotgun":1,"cgm:pistol":1,"minecraft:cobblestone_wall":2,"minecraft:raw_copper":98,"minecraft:diamond_hoe":1,"minecraft:chicken":2,"minecraft:rotten_flesh":100,"minecraft:iron_boots":1,"moguns:glockest_glock":1,"minecraft:potato":1,"farmersdelight:flint_knife":1,"minecraft:gunpowder":29,"cgm:basic_bullet":1,"minecraft:diamond_pickaxe":1,"minecraft:andesite":7,"minecraft:leather_boots":4,"minecraft:golden_leggings":1,"minecraft:oak_sapling":1,"minecraft:spider_eye":6,"minecraft:slime_ball":1,"minecraft:iron_bars":5,"minecraft:bow":2,"moguns:awp":1,"graveyard:vase_block":2},"minecraft:broken":{"minecraft:iron_boots":1,"minecraft:iron_chestplate":2,"minecraft:iron_leggings":2,"minecraft:iron_pickaxe":1,"minecraft:iron_helmet":2},"minecraft:killed_by":{"minecraft:player":17,"minecraft:creeper":1,"minecraft:pillager":1,"graveyard:acolyte":2,"minecraft:skeleton":11,"minecraft:zombie":36,"graveyard:revenant":1,"graveyard:wraith":6},"minecraft:crafted":{"minecraft:oak_planks":24,"minecraft:coal":9,"minecraft:iron_nugget":90,"minecraft:spruce_button":6,"minecraft:lever":1,"minecraft:chest":5,"minecraft:coal_block":18,"minecraft:crafting_table":2,"minecraft:spruce_planks":8,"minecraft:copper_ingot":4,"minecraft:air":0,"minecraft:diamond_pickaxe":1,"minecraft:gold_nugget":64,"minecraft:stick":24,"minecraft:sandstone":1,"minecraft:gold_ingot":13,"minecraft:torch":156},"minecraft:picked_up":{"minecraft:fishing_rod":1,"cgm:basic_bullet":385,"minecraft:chicken":2,"minecraft:redstone_lamp":10,"nzgmaddon:flash_hider":4,"minecraft:enchanted_book":1,"minecraft:stone_brick_stairs":2,"nzgmaddon:hunting_rifle":1,"minecraft:amethyst_block":54,"minecraft:iron_axe":1,"minecraft:polished_deepslate":1,"minecraft:string":45,"minecraft:raw_copper":119,"moguns:glockest_glock":1,"minecraft:candle":3,"graveyard:corruption":12,"minecraft:cobbled_deepslate":11,"minecraft:deepslate_tiles":6,"usefulbackpacks:backpack_small":1,"minecraft:gold_nugget":8,"minecraft:smooth_stone":2,"nzgmaddon:medium_bullet":24,"minecraft:spruce_planks":11,"minecraft:redstone_torch":1,"minecraft:azalea":1,"minecraft:iron_nugget":6,"immersive_paintings:glow_painting":5,"minecraft:chest":1,"cgm:advanced_bullet":64,"minecraft:furnace":1,"minecraft:iron_boots":1,"minecraft:golden_helmet":2,"minecraft:stick":18,"minecraft:raw_iron":20,"moguns:akm":1,"minecraft:torch":76,"minecraft:quartz_pillar":2,"minecraft:carrot":3,"minecraft:redstone":10,"minecraft:green_terracotta":4,"minecraft:tnt":79,"minecraft:rotten_flesh":131,"minecraft:arrow":22,"minecraft:tropical_fish":1,"minecraft:deepslate_bricks":1,"k_turrets:raw_titanium":10,"minecraft:gold_ingot":22,"minecraft:deepslate_brick_stairs":1,"minecraft:glow_berries":2,"minecraft:iron_bars":6,"minecraft:cobblestone":81,"minecraft:cracked_deepslate_tiles":1,"minecraft:feather":6,"minecraft:andesite":7,"minecraft:golden_leggings":2,"minecraft:potato":1,"minecraft:oak_log":16,"jeg:scrap":30,"minecraft:golden_boots":1,"minecraft:cobblestone_wall":2,"minecraft:gunpowder":65,"minecraft:lapis_lazuli":32,"minecraft:lantern":1,"minecraft:dirt":4,"nzgmaddon:hunting_shotgun":2,"nzgmaddon:double_barreled_shotgun":2,"minecraft:twisting_vines":1,"minecraft:leather_boots":3,"minecraft:bone":64,"minecraft:bow":3,"minecraft:wheat_seeds":1,"minecraft:cobbled_deepslate_wall":1,"minecraft:iron_ingot":67,"moguns:awp":2,"minecraft:moss_block":1,"jeg:tech_trash":1,"minecraft:oak_planks":3,"graveyard:fire_brazier":1,"moguns:762x51":347,"graveyard:bone_dagger":1,"minecraft:yellow_concrete":1,"minecraft:sand":4,"minecraft:amethyst_shard":20,"minecraft:ink_sac":2,"minecraft:white_bed":2,"minecraft:spruce_log":8,"minecraft:spider_eye":7,"minecraft:mossy_cobblestone":1,"cgm:pistol":1,"minecraft:light_gray_terracotta":29,"graveyard:vase_block":1,"minecraft:diamond":12,"minecraft:slime_ball":1,"minecraft:black_concrete":1,"minecraft:iron_helmet":2,"minecraft:spruce_button":1,"minecraft:oak_sapling":1,"minecraft:coal":46,"moguns:9x19":192,"minecraft:diamond_pickaxe":1,"minecraft:ender_pearl":1},"minecraft:custom":{"minecraft:mob_kills":249,"minecraft:interact_with_crafting_table":17,"minecraft:open_barrel":69,"minecraft:damage_dealt_resisted":80,"minecraft:leave_game":3,"minecraft:time_since_death":2890,"minecraft:climb_one_cm":33373,"minecraft:sprint_one_cm":575992,"minecraft:walk_one_cm":759937,"minecraft:damage_blocked_by_shield":20,"minecraft:drop":470,"minecraft:damage_dealt_absorbed":32,"minecraft:play_time":277481,"minecraft:deaths":82,"minecraft:sneak_time":10117,"minecraft:walk_under_water_one_cm":111488,"minecraft:interact_with_lectern":1,"minecraft:jump":3472,"minecraft:walk_on_water_one_cm":203519,"minecraft:total_world_time":277481,"minecraft:interact_with_furnace":7,"minecraft:tune_noteblock":3,"minecraft:sleep_in_bed":5,"minecraft:time_since_rest":2943,"minecraft:damage_taken":18119,"minecraft:damage_dealt":308,"minecraft:swim_one_cm":88953,"minecraft:fly_one_cm":471322,"minecraft:player_kills":21,"minecraft:open_chest":157,"minecraft:crouch_one_cm":10672,"minecraft:fall_one_cm":69456}},"DataVersion":3120}