{"stats":{"minecraft:used":{"minecraft:iron_bars":1,"minecraft:spruce_planks":3,"minecraft:chest":6,"minecraft:shield":1,"minecraft:iron_chestplate":1,"minecraft:torch":107,"moguns:glockest_glock":17,"moguns:awp":47,"minecraft:lantern":1,"minecraft:iron_axe":38,"minecraft:iron_helmet":1,"minecraft:iron_boots":1,"minecraft:stone_brick_stairs":2,"minecraft:iron_leggings":1,"minecraft:amethyst_block":1,"cgm:pistol":591,"minecraft:baked_potato":2,"minecraft:crafting_table":2,"minecraft:yellow_concrete":1,"minecraft:light_gray_terracotta":20,"immersive_paintings:glow_painting":3,"minecraft:white_bed":2,"minecraft:diamond_pickaxe":15,"minecraft:black_concrete":1,"minecraft:iron_pickaxe":252,"minecraft:cobblestone":2,"minecraft:potion":1,"minecraft:splash_potion":1},"minecraft:mined":{"minecraft:spruce_planks":6,"minecraft:white_bed":2,"minecraft:mossy_cobblestone":1,"minecraft:budding_amethyst":1,"minecraft:polished_diorite":1,"minecraft:spruce_leaves":11,"minecraft:moss_block":2,"minecraft:spawner":6,"minecraft:light_blue_stained_glass":1,"minecraft:large_fern":2,"minecraft:smooth_stone":1,"minecraft:iron_ore":8,"minecraft:andesite":45,"minecraft:black_concrete":1,"minecraft:polished_deepslate":1,"minecraft:deepslate_iron_ore":1,"minecraft:vine":2,"minecraft:iron_bars":2,"minecraft:stone":82,"minecraft:flowering_azalea":1,"jeg:scrap_ore":4,"minecraft:amethyst_cluster":4,"minecraft:torch":6,"minecraft:light_gray_terracotta":12,"minecraft:calcite":2,"minecraft:chest":1,"minecraft:copper_ore":28,"minecraft:cobblestone":3,"minecraft:lapis_ore":6,"minecraft:oak_planks":4,"minecraft:wall_torch":3,"minecraft:amethyst_block":9,"jeg:deepslate_scrap_ore":1,"minecraft:cobblestone_wall":1,"minecraft:spruce_log":9,"minecraft:quartz_pillar":2,"minecraft:tnt":79,"k_turrets:titanium_ore":2,"minecraft:oak_log":10,"minecraft:coal_ore":25,"minecraft:yellow_concrete":1,"minecraft:sand":4,"minecraft:dirt":4,"minecraft:cracked_stone_bricks":1,"minecraft:stone_bricks":1,"minecraft:oak_leaves":1,"minecraft:deepslate":2},"minecraft:killed":{"graveyard:skeleton_creeper":1,"graveyard:revenant":3,"minecraft:spider":5,"minecraft:skeleton":14,"minecraft:chicken":1,"minecraft:drowned":1,"jeg:ghoul":1,"graveyard:ghoul":1,"minecraft:creeper":10,"minecraft:squid":1,"minecraft:zombie":85},"minecraft:dropped":{"minecraft:golden_helmet":2,"minecraft:mossy_cobblestone":1,"minecraft:glass_bottle":1,"minecraft:cobblestone":13,"minecraft:iron_helmet":2,"minecraft:feather":6,"minecraft:glow_berries":2,"minecraft:amethyst_block":36,"minecraft:spruce_button":7,"minecraft:coal":6,"minecraft:dirt":4,"minecraft:torch":72,"moguns:9x19":64,"usefulbackpacks:backpack_small":1,"nzgmaddon:medium_bullet":24,"minecraft:string":3,"minecraft:bone":37,"nzgmaddon:double_barreled_shotgun":1,"cgm:pistol":1,"minecraft:cobblestone_wall":2,"minecraft:raw_copper":98,"minecraft:diamond_hoe":1,"minecraft:chicken":2,"minecraft:rotten_flesh":74,"minecraft:iron_boots":1,"moguns:glockest_glock":1,"minecraft:potato":1,"minecraft:gunpowder":29,"minecraft:andesite":7,"minecraft:leather_boots":4,"minecraft:oak_sapling":1,"minecraft:spider_eye":4,"minecraft:slime_ball":1,"minecraft:iron_bars":5,"minecraft:bow":2,"moguns:awp":1},"minecraft:broken":{"minecraft:iron_boots":1,"minecraft:iron_chestplate":1,"minecraft:iron_leggings":1,"minecraft:iron_pickaxe":1,"minecraft:iron_helmet":1},"minecraft:killed_by":{"minecraft:player":11,"minecraft:creeper":1,"minecraft:skeleton":8,"minecraft:zombie":18},"minecraft:crafted":{"minecraft:coal":9,"minecraft:iron_nugget":90,"minecraft:spruce_button":6,"minecraft:lever":1,"minecraft:chest":5,"minecraft:coal_block":4,"minecraft:crafting_table":2,"minecraft:spruce_planks":8,"minecraft:diamond_pickaxe":1,"minecraft:gold_nugget":64,"minecraft:stick":24,"minecraft:sandstone":1,"minecraft:gold_ingot":13,"minecraft:torch":148},"minecraft:picked_up":{"minecraft:chicken":2,"minecraft:stone_brick_stairs":2,"minecraft:amethyst_block":49,"minecraft:polished_deepslate":1,"minecraft:string":7,"minecraft:raw_copper":98,"moguns:glockest_glock":1,"usefulbackpacks:backpack_small":1,"minecraft:gold_nugget":8,"minecraft:smooth_stone":1,"nzgmaddon:medium_bullet":24,"minecraft:spruce_planks":9,"immersive_paintings:glow_painting":5,"minecraft:chest":1,"minecraft:iron_boots":1,"minecraft:golden_helmet":2,"minecraft:stick":16,"minecraft:raw_iron":9,"minecraft:torch":72,"minecraft:quartz_pillar":2,"minecraft:tnt":79,"minecraft:rotten_flesh":85,"minecraft:arrow":15,"k_turrets:raw_titanium":1,"minecraft:gold_ingot":22,"minecraft:glow_berries":2,"minecraft:iron_bars":6,"minecraft:cobblestone":79,"minecraft:feather":6,"minecraft:andesite":7,"minecraft:potato":1,"minecraft:oak_log":10,"jeg:scrap":9,"minecraft:cobblestone_wall":2,"minecraft:gunpowder":62,"minecraft:lapis_lazuli":32,"minecraft:lantern":1,"minecraft:dirt":4,"nzgmaddon:double_barreled_shotgun":1,"minecraft:leather_boots":3,"minecraft:bone":38,"minecraft:bow":3,"minecraft:iron_ingot":38,"moguns:awp":2,"minecraft:oak_planks":3,"moguns:762x51":347,"minecraft:yellow_concrete":1,"minecraft:sand":4,"minecraft:amethyst_shard":16,"minecraft:ink_sac":2,"minecraft:white_bed":2,"minecraft:spruce_log":8,"minecraft:spider_eye":4,"minecraft:mossy_cobblestone":1,"cgm:pistol":1,"minecraft:light_gray_terracotta":29,"minecraft:diamond":1,"minecraft:slime_ball":1,"minecraft:black_concrete":1,"minecraft:iron_helmet":2,"minecraft:spruce_button":1,"minecraft:oak_sapling":1,"minecraft:coal":46,"moguns:9x19":102},"minecraft:custom":{"minecraft:mob_kills":130,"minecraft:interact_with_crafting_table":13,"minecraft:open_barrel":34,"minecraft:leave_game":2,"minecraft:time_since_death":11339,"minecraft:climb_one_cm":10192,"minecraft:sprint_one_cm":294553,"minecraft:walk_one_cm":397158,"minecraft:damage_blocked_by_shield":20,"minecraft:drop":311,"minecraft:play_time":149484,"minecraft:deaths":42,"minecraft:sneak_time":5284,"minecraft:walk_under_water_one_cm":82217,"minecraft:jump":1605,"minecraft:walk_on_water_one_cm":140698,"minecraft:total_world_time":149484,"minecraft:interact_with_furnace":2,"minecraft:tune_noteblock":2,"minecraft:sleep_in_bed":5,"minecraft:time_since_rest":11367,"minecraft:damage_taken":9548,"minecraft:damage_dealt":101,"minecraft:swim_one_cm":51655,"minecraft:fly_one_cm":213995,"minecraft:player_kills":14,"minecraft:open_chest":78,"minecraft:crouch_one_cm":5763,"minecraft:fall_one_cm":29487}},"DataVersion":3120}