{"stats":{"minecraft:mined":{"minecraft:dark_oak_planks":1,"minecraft:spruce_planks":9,"minecraft:white_bed":4,"minecraft:potted_cactus":2,"minecraft:brewing_stand":1,"minecraft:cave_vines_plant":1,"minecraft:chiseled_polished_blackstone":2,"minecraft:budding_amethyst":1,"minecraft:grass_block":2,"minecraft:deepslate_bricks":1,"minecraft:polished_diorite":1,"minecraft:spawner":13,"minecraft:light_blue_stained_glass":1,"minecraft:polished_blackstone_bricks":4,"minecraft:smooth_stone":6,"minecraft:mossy_cobblestone_stairs":1,"minecraft:iron_ore":9,"minecraft:cobbled_deepslate":3,"minecraft:fire":2,"minecraft:anvil":1,"minecraft:enchanting_table":1,"minecraft:oak_sign":1,"minecraft:iron_bars":94,"minecraft:deepslate_brick_stairs":1,"minecraft:gray_terracotta":2,"minecraft:cyan_terracotta":22,"minecraft:amethyst_cluster":5,"minecraft:blue_stained_glass":1,"minecraft:soul_lantern":2,"minecraft:torch":18,"minecraft:light_gray_terracotta":15,"minecraft:calcite":2,"minecraft:chest":4,"minecraft:white_stained_glass_pane":1,"minecraft:glass":2,"minecraft:cobblestone":6,"minecraft:oak_planks":4,"minecraft:iron_door":2,"minecraft:wall_torch":4,"minecraft:amethyst_block":9,"minecraft:cauldron":2,"minecraft:deepslate_copper_ore":7,"minecraft:skeleton_skull":1,"minecraft:seagrass":1,"minecraft:repeater":1,"graveyard:oak_coffin":2,"minecraft:tnt":80,"minecraft:stone_brick_stairs":1,"minecraft:grass":7,"minecraft:cracked_deepslate_tiles":2,"minecraft:oak_log":16,"minecraft:sand":4,"minecraft:dirt":9,"minecraft:oak_leaves":1,"minecraft:deepslate":11,"minecraft:redstone_lamp":8,"minecraft:deepslate_tiles":6,"minecraft:tuff":1,"minecraft:mossy_cobblestone":5,"minecraft:deepslate_diamond_ore":1,"minecraft:gray_stained_glass_pane":119,"minecraft:ladder":2,"minecraft:nether_bricks":16,"graveyard:tg_deepslate":5,"minecraft:redstone_wire":2,"minecraft:spruce_leaves":33,"minecraft:moss_block":4,"minecraft:large_fern":4,"minecraft:waxed_oxidized_cut_copper":6,"minecraft:furnace":1,"minecraft:carrots":79,"minecraft:green_terracotta":5,"minecraft:andesite":46,"minecraft:black_concrete":1,"minecraft:polished_deepslate":1,"minecraft:bookshelf":9,"minecraft:deepslate_iron_ore":17,"minecraft:vine":4,"minecraft:lantern":1,"minecraft:stone":92,"minecraft:flowering_azalea":2,"jeg:scrap_ore":4,"minecraft:chiseled_nether_bricks":8,"minecraft:crafting_table":2,"minecraft:cobbled_deepslate_wall":1,"minecraft:copper_ore":28,"minecraft:deepslate_gold_ore":8,"minecraft:lapis_ore":6,"minecraft:diorite":1,"minecraft:big_dripleaf":1,"jeg:deepslate_scrap_ore":10,"minecraft:coarse_dirt":1,"graveyard:vase_block":1,"minecraft:cobblestone_wall":12,"minecraft:polished_blackstone_slab":2,"k_turrets:deepslate_titanium_ore":9,"minecraft:redstone_torch":1,"minecraft:white_carpet":49,"minecraft:spruce_log":86,"minecraft:quartz_pillar":10,"k_turrets:titanium_ore":2,"minecraft:coal_ore":25,"minecraft:yellow_concrete":1,"minecraft:cracked_stone_bricks":52,"minecraft:polished_blackstone":10,"minecraft:stone_bricks":332,"minecraft:mossy_stone_bricks":37,"minecraft:fern":1},"minecraft:picked_up":{"cgm:basic_bullet":385,"minecraft:flower_pot":2,"minecraft:enchanted_book":2,"minecraft:stone_brick_stairs":3,"minecraft:brewing_stand":1,"minecraft:amethyst_block":54,"minecraft:polished_deepslate":1,"minecraft:string":75,"minecraft:raw_copper":124,"moguns:glockest_glock":1,"minecraft:zombie_head":1,"minecraft:oak_sign":1,"minecraft:cobbled_deepslate":14,"minecraft:deepslate_tiles":6,"minecraft:smooth_stone":3,"minecraft:gold_nugget":8,"minecraft:spruce_planks":13,"minecraft:redstone_torch":1,"minecraft:azalea":1,"immersive_paintings:glow_painting":5,"cgm:advanced_bullet":117,"minecraft:furnace":1,"minecraft:iron_boots":1,"minecraft:golden_helmet":2,"minecraft:stick":30,"moguns:akm":3,"minecraft:torch":88,"minecraft:diorite":1,"minecraft:green_terracotta":4,"minecraft:cauldron":2,"minecraft:chiseled_nether_bricks":8,"minecraft:cactus":2,"minecraft:rotten_flesh":175,"minecraft:tropical_fish":1,"minecraft:cyan_terracotta":18,"minecraft:deepslate_brick_stairs":1,"minecraft:iron_bars":96,"minecraft:cobblestone":83,"minecraft:enchanting_table":2,"minecraft:feather":6,"minecraft:iron_door":2,"minecraft:andesite":7,"minecraft:golden_leggings":3,"minecraft:potato":1,"jeg:scrap":30,"minecraft:lapis_lazuli":32,"minecraft:lantern":3,"minecraft:dirt":17,"minecraft:leather_boots":3,"nzgmaddon:double_barreled_shotgun":2,"minecraft:twisting_vines":1,"nzgmaddon:hunting_shotgun":2,"minecraft:bone":82,"minecraft:gray_terracotta":2,"minecraft:bow":3,"minecraft:cobbled_deepslate_wall":1,"minecraft:wheat_seeds":2,"minecraft:raw_gold":8,"moguns:awp":2,"minecraft:mossy_stone_bricks":39,"minecraft:moss_block":2,"minecraft:oak_planks":3,"graveyard:fire_brazier":1,"minecraft:chiseled_polished_blackstone":2,"graveyard:bone_dagger":1,"minecraft:polished_blackstone_slab":2,"minecraft:sand":5,"minecraft:ink_sac":9,"minecraft:mossy_cobblestone":5,"graveyard:oak_coffin":3,"cgm:pistol":1,"minecraft:light_gray_terracotta":32,"minecraft:diamond":12,"minecraft:black_concrete":1,"minecraft:soul_lantern":2,"minecraft:crossbow":1,"minecraft:spruce_button":1,"minecraft:oak_sapling":1,"moguns:9x19":192,"minecraft:diamond_pickaxe":2,"minecraft:fishing_rod":1,"minecraft:crafting_table":2,"minecraft:chicken":2,"minecraft:ladder":3,"minecraft:redstone_lamp":10,"nzgmaddon:flash_hider":4,"nzgmaddon:hunting_rifle":1,"nzgmaddon:ballistic_scope":1,"minecraft:flint_and_steel":1,"moguns:762x39":302,"minecraft:iron_axe":2,"minecraft:netherite_scrap":1,"minecraft:white_carpet":48,"graveyard:corruption":14,"minecraft:cracked_stone_bricks":50,"minecraft:candle":3,"usefulbackpacks:backpack_small":1,"nzgmaddon:medium_bullet":24,"minecraft:beef":5,"minecraft:iron_nugget":6,"minecraft:minecart":3,"minecraft:chest":4,"minecraft:phantom_membrane":1,"minecraft:raw_iron":22,"minecraft:polished_blackstone_bricks":5,"minecraft:quartz_pillar":2,"minecraft:carrot":294,"minecraft:redstone":10,"minecraft:tnt":80,"jeg:healing_talisman":1,"minecraft:arrow":37,"minecraft:nether_bricks":15,"minecraft:deepslate_bricks":1,"k_turrets:raw_titanium":10,"minecraft:gold_ingot":22,"minecraft:polished_blackstone":9,"minecraft:glow_berries":3,"minecraft:mutton":2,"minecraft:white_wool":5,"minecraft:cracked_deepslate_tiles":1,"minecraft:leather":13,"minecraft:oak_log":16,"minecraft:golden_boots":1,"minecraft:gunpowder":71,"minecraft:cobblestone_wall":12,"minecraft:blue_bed":3,"minecraft:stone_bricks":356,"minecraft:iron_ingot":67,"minecraft:cobweb":5,"jeg:tech_trash":1,"minecraft:book":28,"moguns:762x51":347,"minecraft:yellow_concrete":1,"minecraft:quartz":3,"minecraft:amethyst_shard":20,"minecraft:spruce_sapling":1,"minecraft:spruce_log":85,"minecraft:white_bed":4,"minecraft:spider_eye":17,"jeg:ectoplasm":2,"minecraft:slime_ball":1,"graveyard:vase_block":1,"minecraft:iron_helmet":2,"minecraft:mossy_cobblestone_stairs":1,"minecraft:coal":46,"minecraft:ender_pearl":2},"minecraft:broken":{"minecraft:iron_boots":2,"minecraft:iron_chestplate":2,"minecraft:iron_leggings":2,"minecraft:chainmail_chestplate":1,"minecraft:iron_pickaxe":1,"minecraft:iron_helmet":2},"minecraft:crafted":{"minecraft:black_dye":7,"minecraft:oak_planks":24,"minecraft:lever":1,"minecraft:spruce_pressure_plate":1,"minecraft:chest":13,"minecraft:crafting_table":2,"minecraft:spruce_planks":96,"minecraft:copper_ingot":4,"minecraft:stone_brick_stairs":8,"minecraft:spruce_trapdoor":2,"minecraft:diamond_pickaxe":1,"minecraft:stick":52,"minecraft:iron_ingot":12,"minecraft:gold_ingot":13,"minecraft:sandstone":1,"minecraft:coal":9,"minecraft:iron_nugget":153,"minecraft:spruce_button":7,"minecraft:white_carpet":24,"minecraft:lantern":2,"usefulbackpacks:backpack_medium":1,"minecraft:coal_block":18,"minecraft:air":0,"minecraft:white_wool":21,"minecraft:gold_nugget":118,"minecraft:white_bed":1,"minecraft:torch":268},"minecraft:killed_by":{"minecraft:creeper":1,"minecraft:pillager":5,"graveyard:acolyte":4,"kevin_trophy:crawler_zombie":1,"man:managgresive":1,"minecraft:zombie":43,"graveyard:revenant":1,"graveyard:wraith":6,"minecraft:player":52,"minecraft:spider":2,"minecraft:skeleton":19},"minecraft:dropped":{"minecraft:ender_pearl":2,"minecraft:glass_bottle":1,"minecraft:diamond":10,"minecraft:glow_berries":2,"minecraft:cracked_stone_bricks":2,"jeg:scrap":9,"nzgmaddon:hunting_shotgun":2,"minecraft:redstone_lamp":4,"minecraft:dirt":4,"moguns:9x19":199,"usefulbackpacks:backpack_small":1,"nzgmaddon:flash_hider":3,"nzgmaddon:medium_bullet":27,"minecraft:fishing_rod":1,"minecraft:white_wool":4,"minecraft:bone":38,"cgm:pistol":2,"minecraft:rotten_flesh":101,"minecraft:oak_planks":7,"minecraft:gunpowder":30,"cgm:basic_bullet":1,"minecraft:leather_boots":4,"minecraft:iron_bars":5,"graveyard:oak_coffin":1,"moguns:awp":1,"minecraft:enchanting_table":2,"minecraft:enchanted_book":1,"minecraft:golden_helmet":2,"immersive_paintings:glow_painting":2,"minecraft:tnt":1,"minecraft:mossy_cobblestone":1,"minecraft:feather":6,"minecraft:iron_helmet":2,"minecraft:cobblestone":15,"minecraft:book":9,"minecraft:amethyst_block":41,"minecraft:spruce_button":7,"minecraft:coal":8,"minecraft:stick":6,"minecraft:cobweb":2,"minecraft:deepslate_brick_stairs":1,"minecraft:torch":72,"moguns:akm":2,"minecraft:potion":4,"minecraft:iron_axe":2,"minecraft:smooth_stone":1,"minecraft:string":13,"minecraft:redstone":1,"nzgmaddon:double_barreled_shotgun":1,"cgm:advanced_bullet":52,"minecraft:cobblestone_wall":4,"minecraft:raw_copper":98,"minecraft:diamond_hoe":1,"minecraft:chicken":2,"minecraft:iron_boots":1,"moguns:glockest_glock":1,"minecraft:flint_and_steel":1,"minecraft:potato":1,"farmersdelight:flint_knife":1,"moguns:762x39":14,"minecraft:diamond_pickaxe":2,"minecraft:andesite":7,"minecraft:mossy_stone_bricks":12,"minecraft:golden_leggings":2,"minecraft:oak_sapling":1,"minecraft:stone_bricks":25,"minecraft:spider_eye":7,"minecraft:slime_ball":1,"minecraft:bow":2,"graveyard:vase_block":2,"nzgmaddon:hunting_rifle":1},"minecraft:used":{"minecraft:polished_blackstone":7,"minecraft:oak_sign":1,"minecraft:ladder":1,"minecraft:chest":16,"minecraft:shield":1,"minecraft:green_terracotta":4,"minecraft:iron_chestplate":1,"minecraft:cracked_deepslate_tiles":1,"jeg:grenade":1,"moguns:awp":249,"minecraft:cyan_terracotta":18,"minecraft:lantern":5,"minecraft:iron_helmet":1,"jeg:healing_talisman":1,"minecraft:stone_brick_stairs":11,"minecraft:stone_bricks":234,"minecraft:redstone_lamp":6,"minecraft:furnace":1,"minecraft:chiseled_polished_blackstone":2,"minecraft:oak_planks":9,"minecraft:blue_bed":3,"minecraft:yellow_concrete":1,"minecraft:light_gray_terracotta":20,"immersive_paintings:glow_painting":3,"minecraft:redstone_torch":1,"minecraft:black_concrete":1,"minecraft:string":14,"minecraft:iron_door":2,"graveyard:fire_brazier":1,"minecraft:soul_lantern":2,"minecraft:coal_block":3,"nzgmaddon:hunting_rifle":64,"minecraft:cobweb":8,"minecraft:iron_bars":57,"minecraft:flint_and_steel":13,"minecraft:redstone":1,"minecraft:spruce_planks":8,"graveyard:oak_coffin":1,"minecraft:torch":192,"farmersdelight:flint_knife":9,"minecraft:white_carpet":72,"minecraft:cobblestone_wall":1,"moguns:glockest_glock":17,"minecraft:mossy_cobblestone_stairs":1,"minecraft:iron_axe":155,"minecraft:spruce_button":1,"minecraft:iron_boots":1,"minecraft:minecart":1,"minecraft:cobbled_deepslate":8,"minecraft:iron_leggings":1,"minecraft:amethyst_block":1,"minecraft:glass_bottle":2,"cgm:pistol":1292,"minecraft:baked_potato":14,"minecraft:polished_blackstone_bricks":1,"moguns:akm":339,"minecraft:mossy_cobblestone":1,"minecraft:tnt":2,"minecraft:crafting_table":3,"minecraft:white_bed":5,"minecraft:gray_terracotta":2,"minecraft:diamond_pickaxe":782,"minecraft:iron_pickaxe":252,"minecraft:spruce_pressure_plate":1,"minecraft:spruce_trapdoor":2,"minecraft:potion":3,"minecraft:cobblestone":4,"minecraft:splash_potion":1},"minecraft:custom":{"minecraft:interact_with_crafting_table":79,"minecraft:open_barrel":86,"minecraft:leave_game":5,"minecraft:time_since_death":15,"minecraft:sprint_one_cm":1011310,"minecraft:damage_blocked_by_shield":20,"minecraft:drop":555,"minecraft:play_noteblock":8,"minecraft:talked_to_villager":4,"minecraft:play_time":549192,"minecraft:deaths":146,"minecraft:jump":7413,"minecraft:walk_on_water_one_cm":226689,"minecraft:interact_with_furnace":30,"minecraft:sleep_in_bed":12,"minecraft:damage_dealt":358,"minecraft:player_kills":43,"minecraft:crouch_one_cm":23472,"minecraft:interact_with_anvil":4,"minecraft:mob_kills":364,"minecraft:damage_dealt_resisted":80,"minecraft:climb_one_cm":167109,"minecraft:walk_one_cm":1710165,"minecraft:damage_dealt_absorbed":32,"minecraft:sneak_time":16973,"minecraft:walk_under_water_one_cm":123990,"minecraft:interact_with_lectern":1,"minecraft:total_world_time":549192,"minecraft:tune_noteblock":19,"minecraft:time_since_rest":42,"minecraft:damage_taken":32075,"minecraft:minecart_one_cm":249890,"minecraft:swim_one_cm":122109,"minecraft:fly_one_cm":850044,"minecraft:open_chest":338,"minecraft:fall_one_cm":169027},"minecraft:killed":{"graveyard:skeleton_creeper":6,"minecraft:witch":1,"minecraft:spider":46,"graveyard:wraith":7,"minecraft:skeleton":46,"graveyard:acolyte":5,"minecraft:chicken":1,"jeg:ghoul":2,"minecraft:creeper":28,"minecraft:sheep":2,"minecraft:pillager":6,"minecraft:zombie":171,"minecraft:cow":2,"graveyard:corrupted_vindicator":4,"graveyard:revenant":4,"minecraft:drowned":1,"graveyard:ghoul":3,"minecraft:bat":1,"minecraft:squid":5,"kevin_trophy:crawler_zombie":3,"kevin_trophy:zombie_brute":1}},"DataVersion":3120}