{"stats":{"minecraft:mined":{"minecraft:spruce_planks":9,"minecraft:white_bed":3,"minecraft:potted_cactus":2,"minecraft:brewing_stand":1,"minecraft:budding_amethyst":1,"minecraft:grass_block":2,"minecraft:deepslate_bricks":1,"minecraft:polished_diorite":1,"minecraft:spawner":9,"minecraft:light_blue_stained_glass":1,"minecraft:smooth_stone":5,"minecraft:iron_ore":8,"minecraft:cobbled_deepslate":3,"minecraft:fire":1,"minecraft:enchanting_table":1,"minecraft:oak_sign":1,"minecraft:iron_bars":57,"minecraft:deepslate_brick_stairs":1,"minecraft:gray_terracotta":2,"minecraft:cyan_terracotta":1,"minecraft:amethyst_cluster":5,"minecraft:blue_stained_glass":1,"minecraft:torch":9,"minecraft:light_gray_terracotta":12,"minecraft:calcite":2,"minecraft:chest":2,"minecraft:white_stained_glass_pane":1,"minecraft:cobblestone":4,"minecraft:oak_planks":4,"minecraft:iron_door":1,"minecraft:wall_torch":4,"minecraft:amethyst_block":9,"minecraft:deepslate_copper_ore":6,"minecraft:skeleton_skull":1,"minecraft:repeater":1,"minecraft:tnt":80,"minecraft:grass":1,"minecraft:cracked_deepslate_tiles":2,"minecraft:oak_log":16,"minecraft:sand":4,"minecraft:dirt":9,"minecraft:oak_leaves":1,"minecraft:deepslate":8,"minecraft:redstone_lamp":8,"minecraft:deepslate_tiles":6,"minecraft:tuff":1,"minecraft:mossy_cobblestone":3,"minecraft:deepslate_diamond_ore":1,"minecraft:gray_stained_glass_pane":1,"graveyard:tg_deepslate":5,"minecraft:redstone_wire":2,"minecraft:spruce_leaves":32,"minecraft:moss_block":3,"minecraft:large_fern":3,"minecraft:waxed_oxidized_cut_copper":6,"minecraft:furnace":1,"minecraft:green_terracotta":5,"minecraft:andesite":45,"minecraft:black_concrete":1,"minecraft:polished_deepslate":1,"minecraft:bookshelf":3,"minecraft:deepslate_iron_ore":16,"minecraft:vine":2,"minecraft:stone":92,"minecraft:flowering_azalea":1,"jeg:scrap_ore":4,"minecraft:crafting_table":1,"minecraft:cobbled_deepslate_wall":1,"minecraft:copper_ore":28,"minecraft:lapis_ore":6,"minecraft:big_dripleaf":1,"jeg:deepslate_scrap_ore":10,"minecraft:coarse_dirt":1,"graveyard:vase_block":1,"minecraft:cobblestone_wall":7,"k_turrets:deepslate_titanium_ore":9,"minecraft:redstone_torch":1,"minecraft:white_carpet":13,"minecraft:spruce_log":86,"minecraft:quartz_pillar":10,"k_turrets:titanium_ore":2,"minecraft:coal_ore":25,"minecraft:yellow_concrete":1,"minecraft:cracked_stone_bricks":39,"minecraft:stone_bricks":150,"minecraft:mossy_stone_bricks":30,"minecraft:fern":1},"minecraft:picked_up":{"cgm:basic_bullet":385,"minecraft:flower_pot":2,"minecraft:enchanted_book":2,"minecraft:stone_brick_stairs":2,"minecraft:brewing_stand":1,"minecraft:amethyst_block":54,"minecraft:polished_deepslate":1,"minecraft:string":71,"minecraft:raw_copper":119,"moguns:glockest_glock":1,"minecraft:oak_sign":1,"minecraft:cobbled_deepslate":11,"minecraft:deepslate_tiles":6,"minecraft:smooth_stone":2,"minecraft:gold_nugget":8,"minecraft:spruce_planks":13,"minecraft:redstone_torch":1,"minecraft:azalea":1,"immersive_paintings:glow_painting":5,"cgm:advanced_bullet":117,"minecraft:furnace":1,"minecraft:iron_boots":1,"minecraft:golden_helmet":2,"minecraft:stick":29,"moguns:akm":3,"minecraft:torch":78,"minecraft:green_terracotta":4,"minecraft:cactus":2,"minecraft:rotten_flesh":150,"minecraft:tropical_fish":1,"minecraft:cyan_terracotta":1,"minecraft:deepslate_brick_stairs":1,"minecraft:iron_bars":59,"minecraft:cobblestone":81,"minecraft:enchanting_table":2,"minecraft:feather":6,"minecraft:iron_door":1,"minecraft:andesite":7,"minecraft:golden_leggings":3,"minecraft:potato":1,"jeg:scrap":30,"minecraft:lapis_lazuli":32,"minecraft:lantern":2,"minecraft:dirt":4,"minecraft:leather_boots":3,"nzgmaddon:double_barreled_shotgun":2,"minecraft:twisting_vines":1,"nzgmaddon:hunting_shotgun":2,"minecraft:bone":78,"minecraft:gray_terracotta":2,"minecraft:bow":3,"minecraft:cobbled_deepslate_wall":1,"minecraft:wheat_seeds":1,"moguns:awp":2,"minecraft:mossy_stone_bricks":31,"minecraft:moss_block":1,"minecraft:oak_planks":3,"graveyard:fire_brazier":1,"graveyard:bone_dagger":1,"minecraft:sand":5,"minecraft:ink_sac":9,"minecraft:mossy_cobblestone":3,"cgm:pistol":1,"minecraft:light_gray_terracotta":29,"minecraft:diamond":12,"minecraft:black_concrete":1,"minecraft:spruce_button":1,"minecraft:oak_sapling":1,"moguns:9x19":192,"minecraft:diamond_pickaxe":2,"minecraft:fishing_rod":1,"minecraft:crafting_table":1,"minecraft:chicken":2,"minecraft:ladder":1,"minecraft:redstone_lamp":10,"nzgmaddon:flash_hider":4,"nzgmaddon:hunting_rifle":1,"minecraft:flint_and_steel":1,"moguns:762x39":302,"minecraft:iron_axe":2,"minecraft:white_carpet":13,"graveyard:corruption":12,"minecraft:cracked_stone_bricks":38,"minecraft:candle":3,"usefulbackpacks:backpack_small":1,"nzgmaddon:medium_bullet":24,"minecraft:iron_nugget":6,"minecraft:minecart":3,"minecraft:chest":2,"minecraft:phantom_membrane":1,"minecraft:raw_iron":20,"minecraft:quartz_pillar":2,"minecraft:carrot":3,"minecraft:redstone":10,"minecraft:tnt":80,"minecraft:arrow":37,"minecraft:deepslate_bricks":1,"k_turrets:raw_titanium":10,"minecraft:gold_ingot":22,"minecraft:glow_berries":2,"minecraft:white_wool":4,"minecraft:cracked_deepslate_tiles":1,"minecraft:oak_log":16,"minecraft:golden_boots":1,"minecraft:gunpowder":66,"minecraft:cobblestone_wall":8,"minecraft:blue_bed":3,"minecraft:stone_bricks":173,"minecraft:iron_ingot":67,"jeg:tech_trash":1,"minecraft:book":10,"moguns:762x51":347,"minecraft:yellow_concrete":1,"minecraft:amethyst_shard":20,"minecraft:spruce_log":82,"minecraft:white_bed":3,"minecraft:spider_eye":15,"minecraft:slime_ball":1,"graveyard:vase_block":1,"minecraft:iron_helmet":2,"minecraft:coal":46,"minecraft:ender_pearl":1},"minecraft:broken":{"minecraft:iron_boots":2,"minecraft:iron_chestplate":2,"minecraft:iron_leggings":2,"minecraft:chainmail_chestplate":1,"minecraft:iron_pickaxe":1,"minecraft:iron_helmet":2},"minecraft:crafted":{"minecraft:black_dye":7,"minecraft:oak_planks":24,"minecraft:lever":1,"minecraft:chest":8,"minecraft:crafting_table":2,"minecraft:spruce_planks":48,"minecraft:copper_ingot":4,"minecraft:diamond_pickaxe":1,"minecraft:stick":44,"minecraft:iron_ingot":12,"minecraft:gold_ingot":13,"minecraft:sandstone":1,"minecraft:coal":9,"minecraft:iron_nugget":135,"minecraft:spruce_button":6,"minecraft:white_carpet":24,"minecraft:lantern":2,"minecraft:coal_block":18,"minecraft:air":0,"minecraft:white_wool":16,"minecraft:gold_nugget":118,"minecraft:white_bed":1,"minecraft:torch":236},"minecraft:killed_by":{"minecraft:creeper":1,"minecraft:pillager":1,"graveyard:acolyte":2,"man:managgresive":1,"minecraft:zombie":41,"graveyard:revenant":1,"graveyard:wraith":6,"minecraft:player":52,"minecraft:spider":1,"minecraft:skeleton":12},"minecraft:dropped":{"minecraft:ender_pearl":2,"minecraft:glass_bottle":1,"minecraft:diamond":10,"minecraft:glow_berries":2,"minecraft:cracked_stone_bricks":2,"jeg:scrap":9,"nzgmaddon:hunting_shotgun":2,"minecraft:redstone_lamp":4,"minecraft:dirt":4,"moguns:9x19":199,"usefulbackpacks:backpack_small":1,"nzgmaddon:flash_hider":3,"nzgmaddon:medium_bullet":27,"minecraft:fishing_rod":1,"minecraft:white_wool":4,"minecraft:bone":37,"cgm:pistol":2,"minecraft:rotten_flesh":101,"minecraft:oak_planks":7,"minecraft:gunpowder":30,"cgm:basic_bullet":1,"minecraft:leather_boots":4,"minecraft:iron_bars":5,"moguns:awp":1,"minecraft:enchanting_table":2,"minecraft:enchanted_book":1,"minecraft:golden_helmet":2,"immersive_paintings:glow_painting":2,"minecraft:tnt":1,"minecraft:mossy_cobblestone":1,"minecraft:feather":6,"minecraft:iron_helmet":2,"minecraft:cobblestone":15,"minecraft:book":9,"minecraft:amethyst_block":41,"minecraft:spruce_button":7,"minecraft:coal":8,"minecraft:stick":6,"minecraft:cobweb":2,"minecraft:deepslate_brick_stairs":1,"minecraft:torch":72,"moguns:akm":2,"minecraft:potion":4,"minecraft:iron_axe":2,"minecraft:smooth_stone":1,"minecraft:string":13,"minecraft:redstone":1,"nzgmaddon:double_barreled_shotgun":1,"cgm:advanced_bullet":52,"minecraft:cobblestone_wall":4,"minecraft:raw_copper":98,"minecraft:diamond_hoe":1,"minecraft:chicken":2,"minecraft:iron_boots":1,"moguns:glockest_glock":1,"minecraft:flint_and_steel":1,"minecraft:potato":1,"farmersdelight:flint_knife":1,"moguns:762x39":14,"minecraft:diamond_pickaxe":2,"minecraft:andesite":7,"minecraft:mossy_stone_bricks":11,"minecraft:golden_leggings":2,"minecraft:oak_sapling":1,"minecraft:stone_bricks":25,"minecraft:spider_eye":7,"minecraft:slime_ball":1,"minecraft:bow":2,"graveyard:vase_block":2,"nzgmaddon:hunting_rifle":1},"minecraft:used":{"minecraft:oak_sign":1,"minecraft:ladder":1,"minecraft:chest":10,"minecraft:shield":1,"minecraft:green_terracotta":4,"minecraft:iron_chestplate":1,"minecraft:cracked_deepslate_tiles":1,"jeg:grenade":1,"moguns:awp":227,"minecraft:cyan_terracotta":1,"minecraft:lantern":4,"minecraft:iron_helmet":1,"minecraft:stone_brick_stairs":2,"minecraft:stone_bricks":91,"minecraft:redstone_lamp":6,"minecraft:furnace":1,"minecraft:oak_planks":9,"minecraft:blue_bed":3,"minecraft:yellow_concrete":1,"minecraft:light_gray_terracotta":20,"immersive_paintings:glow_painting":3,"minecraft:redstone_torch":1,"minecraft:black_concrete":1,"minecraft:string":14,"graveyard:fire_brazier":1,"minecraft:coal_block":3,"nzgmaddon:hunting_rifle":64,"minecraft:cobweb":8,"minecraft:iron_bars":6,"minecraft:flint_and_steel":13,"minecraft:redstone":1,"minecraft:spruce_planks":8,"minecraft:torch":176,"farmersdelight:flint_knife":9,"minecraft:white_carpet":37,"moguns:glockest_glock":17,"minecraft:iron_axe":139,"minecraft:iron_boots":1,"minecraft:minecart":1,"minecraft:cobbled_deepslate":8,"minecraft:iron_leggings":1,"minecraft:amethyst_block":1,"cgm:pistol":1292,"minecraft:baked_potato":10,"moguns:akm":65,"minecraft:tnt":2,"minecraft:crafting_table":3,"minecraft:white_bed":4,"minecraft:gray_terracotta":2,"minecraft:diamond_pickaxe":424,"minecraft:iron_pickaxe":252,"minecraft:potion":2,"minecraft:cobblestone":2,"minecraft:splash_potion":1},"minecraft:custom":{"minecraft:interact_with_crafting_table":58,"minecraft:open_barrel":78,"minecraft:leave_game":4,"minecraft:time_since_death":21611,"minecraft:sprint_one_cm":887435,"minecraft:damage_blocked_by_shield":20,"minecraft:drop":552,"minecraft:talked_to_villager":4,"minecraft:play_time":459444,"minecraft:deaths":128,"minecraft:jump":6289,"minecraft:walk_on_water_one_cm":210088,"minecraft:interact_with_furnace":28,"minecraft:sleep_in_bed":11,"minecraft:damage_dealt":308,"minecraft:player_kills":43,"minecraft:crouch_one_cm":18061,"minecraft:interact_with_anvil":4,"minecraft:mob_kills":305,"minecraft:damage_dealt_resisted":80,"minecraft:climb_one_cm":137946,"minecraft:walk_one_cm":1323923,"minecraft:damage_dealt_absorbed":32,"minecraft:sneak_time":14959,"minecraft:walk_under_water_one_cm":114623,"minecraft:interact_with_lectern":1,"minecraft:total_world_time":459444,"minecraft:tune_noteblock":3,"minecraft:time_since_rest":854,"minecraft:damage_taken":29035,"minecraft:minecart_one_cm":249890,"minecraft:swim_one_cm":105633,"minecraft:fly_one_cm":738223,"minecraft:open_chest":223,"minecraft:fall_one_cm":140078},"minecraft:killed":{"graveyard:skeleton_creeper":3,"minecraft:witch":1,"minecraft:spider":41,"graveyard:wraith":7,"minecraft:skeleton":42,"graveyard:acolyte":5,"minecraft:chicken":1,"jeg:ghoul":1,"minecraft:creeper":20,"minecraft:sheep":1,"minecraft:zombie":152,"graveyard:corrupted_vindicator":4,"graveyard:revenant":4,"minecraft:drowned":1,"graveyard:ghoul":2,"minecraft:squid":5}},"DataVersion":3120}