{"stats":{"minecraft:dropped":{"cgm:pistol":3},"minecraft:used":{"immersive_paintings:painting":1,"cgm:pistol":4,"minecraft:iron_pickaxe":3,"minecraft:white_bed":2,"minecraft:iron_door":2},"minecraft:mined":{"minecraft:white_bed":2,"minecraft:iron_door":2},"minecraft:picked_up":{"cgm:pistol":3,"minecraft:iron_door":2,"immersive_paintings:graffiti":6,"minecraft:white_bed":2,"immersive_paintings:painting":5},"minecraft:custom":{"minecraft:time_since_rest":40552,"minecraft:open_chest":10,"minecraft:crouch_one_cm":6199,"minecraft:sprint_one_cm":7464,"minecraft:play_time":95928,"minecraft:damage_taken":41,"minecraft:walk_one_cm":78866,"minecraft:sneak_time":2603,"minecraft:drop":3,"minecraft:jump":95,"minecraft:leave_game":2,"minecraft:time_since_death":95928,"minecraft:sleep_in_bed":2,"minecraft:total_world_time":95928,"minecraft:fall_one_cm":211,"minecraft:fly_one_cm":1547}},"DataVersion":3120}