{"stats":{"minecraft:dropped":{"cgm:pistol":3},"minecraft:used":{"minecraft:iron_pickaxe":2,"minecraft:iron_door":2,"immersive_paintings:painting":1,"cgm:pistol":4},"minecraft:mined":{"minecraft:iron_door":2},"minecraft:picked_up":{"cgm:pistol":3,"minecraft:iron_door":2,"immersive_paintings:graffiti":6,"immersive_paintings:painting":5},"minecraft:custom":{"minecraft:jump":60,"minecraft:open_chest":10,"minecraft:time_since_rest":48601,"minecraft:crouch_one_cm":5658,"minecraft:sprint_one_cm":4727,"minecraft:play_time":48601,"minecraft:time_since_death":48601,"minecraft:walk_one_cm":56366,"minecraft:sneak_time":2450,"minecraft:total_world_time":48601,"minecraft:drop":3,"minecraft:fly_one_cm":1288}},"DataVersion":3120}