{"stats":{"minecraft:used":{"minecraft:iron_pickaxe":2,"minecraft:iron_door":2,"immersive_paintings:painting":1},"minecraft:mined":{"minecraft:iron_door":2},"minecraft:picked_up":{"minecraft:iron_door":2,"immersive_paintings:graffiti":6,"immersive_paintings:painting":5},"minecraft:custom":{"minecraft:jump":29,"minecraft:open_chest":10,"minecraft:time_since_rest":36601,"minecraft:crouch_one_cm":3019,"minecraft:sprint_one_cm":4727,"minecraft:play_time":36601,"minecraft:time_since_death":36601,"minecraft:walk_one_cm":35010,"minecraft:sneak_time":1125,"minecraft:total_world_time":36601,"minecraft:fly_one_cm":1288}},"DataVersion":3120}