{"stats":{"minecraft:mined":{"minecraft:blue_stained_glass_pane":1,"minecraft:mossy_cobblestone":1,"minecraft:andesite_stairs":1,"minecraft:brewing_stand":1,"minecraft:grass_block":1,"minecraft:spruce_leaves":1,"minecraft:spawner":7,"minecraft:light_blue_stained_glass":1,"minecraft:large_fern":1,"minecraft:smooth_stone":2,"minecraft:furnace":2,"minecraft:iron_ore":2,"minecraft:fire":2,"minecraft:iron_bars":2,"minecraft:lantern":1,"minecraft:gray_terracotta":1,"jeg:scrap_ore":1,"minecraft:cyan_terracotta":3,"minecraft:light_gray_terracotta":14,"minecraft:copper_ore":4,"minecraft:oak_planks":10,"minecraft:iron_door":1,"minecraft:wall_torch":1,"minecraft:oak_log":1,"minecraft:cobweb":1,"minecraft:stone_bricks":5,"minecraft:mossy_stone_bricks":1,"minecraft:oak_leaves":1,"minecraft:iron_trapdoor":1},"minecraft:used":{"minecraft:iron_bars":2,"minecraft:polished_deepslate":2,"minecraft:flint_and_steel":21,"minecraft:spruce_planks":13,"minecraft:iron_sword":169,"minecraft:iron_chestplate":1,"minecraft:torch":43,"minecraft:brewing_stand":1,"minecraft:dirt":1,"nzgmaddon:double_barreled_shotgun":61,"minecraft:snowball":2,"minecraft:lantern":1,"minecraft:iron_axe":21,"minecraft:iron_helmet":1,"minecraft:iron_boots":2,"moguns:micro_uzi":395,"minecraft:stone_bricks":4,"minecraft:tripwire_hook":1,"minecraft:bow":4,"minecraft:iron_trapdoor":1,"minecraft:furnace":3,"minecraft:skeleton_skull":9,"minecraft:iron_leggings":2,"minecraft:mossy_stone_bricks":1,"cgm:pistol":747,"minecraft:baked_potato":4,"minecraft:oak_planks":17,"minecraft:golden_apple":1,"minecraft:light_gray_terracotta":25,"minecraft:oak_log":1,"minecraft:gray_terracotta":1,"minecraft:iron_pickaxe":54,"minecraft:iron_door":1,"minecraft:potion":1,"nzgmaddon:battle_rifle":22,"minecraft:smooth_stone":2},"minecraft:killed":{"graveyard:skeleton_creeper":2,"graveyard:revenant":4,"minecraft:spider":16,"minecraft:skeleton":52,"minecraft:drowned":1,"kevin_trophy:spitter_zombie":1,"minecraft:creeper":10,"minecraft:squid":3,"kevin_trophy:crawler_zombie":2,"minecraft:zombie":157},"minecraft:dropped":{"minecraft:iron_ingot":81,"minecraft:mossy_cobblestone":1,"minecraft:glass_bottle":1,"minecraft:crafting_table":1,"minecraft:iron_helmet":1,"minecraft:cobblestone":1,"minecraft:lantern":1,"moguns:micro_uzi":1,"minecraft:cracked_stone_bricks":5,"jeg:scrap":2,"moguns:762x51":64,"minecraft:chainmail_helmet":1,"minecraft:cyan_terracotta":3,"minecraft:wooden_axe":2,"minecraft:iron_door":1,"usefulbackpacks:backpack_small":1,"minecraft:iron_leggings":1,"minecraft:phantom_membrane":2,"minecraft:iron_shovel":1,"minecraft:bone":15,"minecraft:gold_ingot":22,"nzgmaddon:double_barreled_shotgun":1,"cgm:pistol":1,"minecraft:cobbled_deepslate":2,"minecraft:light_gray_terracotta":2,"minecraft:rotten_flesh":52,"minecraft:leather_chestplate":3,"minecraft:iron_chestplate":3,"minecraft:andesite":1,"minecraft:leather_boots":1,"minecraft:golden_leggings":1,"minecraft:andesite_stairs":1,"minecraft:spider_eye":6,"minecraft:slime_ball":1,"minecraft:bow":1,"minecraft:arrow":22,"minecraft:quartz":1,"moguns:awp":2,"nzgmaddon:extended_barrel":1},"minecraft:broken":{"minecraft:iron_boots":1,"minecraft:iron_chestplate":1,"minecraft:iron_helmet":1},"minecraft:killed_by":{"minecraft:player":21,"minecraft:creeper":1,"minecraft:enderman":3,"minecraft:skeleton":3,"minecraft:zombie":20,"graveyard:revenant":1},"minecraft:crafted":{"minecraft:black_dye":4,"minecraft:tripwire_hook":2,"minecraft:iron_nugget":99,"minecraft:bow":1,"minecraft:crafting_table":1,"minecraft:spruce_planks":4,"minecraft:copper_ingot":48,"minecraft:air":0,"minecraft:gold_nugget":45,"minecraft:torch":40},"minecraft:picked_up":{"minecraft:wooden_axe":1,"minecraft:fishing_rod":1,"minecraft:iron_chestplate":3,"cgm:basic_bullet":112,"minecraft:iron_trapdoor":2,"minecraft:brewing_stand":3,"minecraft:shield":1,"minecraft:polished_deepslate":2,"minecraft:string":42,"minecraft:iron_axe":3,"minecraft:raw_copper":110,"nzgmaddon:battle_rifle":1,"minecraft:iron_leggings":1,"minecraft:iron_shovel":1,"minecraft:cracked_stone_bricks":5,"moguns:micro_uzi":2,"minecraft:cobbled_deepslate":2,"minecraft:smooth_stone":2,"usefulbackpacks:backpack_small":1,"nzgmaddon:medium_bullet":174,"minecraft:spruce_planks":2,"minecraft:andesite_stairs":1,"minecraft:iron_nugget":4,"minecraft:iron_pickaxe":2,"minecraft:coal_block":4,"minecraft:phantom_membrane":3,"minecraft:furnace":3,"minecraft:iron_boots":1,"minecraft:stick":8,"minecraft:raw_iron":3,"minecraft:torch":3,"minecraft:arrow":77,"minecraft:rotten_flesh":234,"minecraft:cyan_terracotta":3,"minecraft:gold_ingot":7,"minecraft:iron_bars":6,"minecraft:snowball":2,"minecraft:cobblestone":1,"minecraft:leather_chestplate":4,"minecraft:feather":6,"minecraft:iron_door":2,"minecraft:andesite":1,"minecraft:golden_leggings":1,"minecraft:potato":4,"minecraft:flint":1,"minecraft:oak_log":1,"jeg:scrap":4,"minecraft:golden_boots":1,"minecraft:gunpowder":58,"minecraft:dirt":1,"minecraft:lantern":3,"nzgmaddon:double_barreled_shotgun":2,"minecraft:leather_boots":1,"minecraft:bone":110,"minecraft:stone_bricks":20,"minecraft:bow":8,"minecraft:gray_terracotta":1,"minecraft:iron_ingot":38,"moguns:awp":2,"minecraft:mossy_stone_bricks":1,"minecraft:oak_planks":8,"moguns:762x51":60,"minecraft:quartz":1,"minecraft:ink_sac":4,"minecraft:spruce_log":1,"minecraft:spider_eye":19,"minecraft:mossy_cobblestone":3,"nzgmaddon:extended_barrel":1,"cgm:shell":384,"cgm:pistol":3,"minecraft:light_gray_terracotta":27,"minecraft:slime_ball":4,"minecraft:slime_block":1,"minecraft:iron_helmet":1,"minecraft:golden_apple":2,"minecraft:chainmail_helmet":1,"minecraft:baked_potato":64,"minecraft:oak_sapling":1,"moguns:9x19":336,"minecraft:ender_pearl":3},"minecraft:custom":{"minecraft:mob_kills":252,"minecraft:interact_with_crafting_table":3,"minecraft:open_barrel":28,"minecraft:leave_game":1,"minecraft:time_since_death":1679,"minecraft:climb_one_cm":31023,"minecraft:sprint_one_cm":622916,"minecraft:walk_one_cm":488459,"minecraft:drop":76,"minecraft:play_time":167931,"minecraft:sneak_time":6470,"minecraft:deaths":52,"minecraft:walk_under_water_one_cm":11630,"minecraft:jump":1171,"minecraft:walk_on_water_one_cm":34153,"minecraft:total_world_time":167931,"minecraft:interact_with_furnace":15,"minecraft:tune_noteblock":2,"minecraft:sleep_in_bed":5,"minecraft:time_since_rest":1705,"minecraft:damage_taken":10410,"minecraft:damage_dealt":8646,"minecraft:swim_one_cm":40705,"minecraft:fly_one_cm":138871,"minecraft:player_kills":21,"minecraft:open_chest":69,"minecraft:crouch_one_cm":13243,"minecraft:fall_one_cm":31875}},"DataVersion":3120}