{"stats":{"minecraft:dropped":{"cgm:pistol":1,"minecraft:glass_bottle":1,"minecraft:crafting_table":1,"minecraft:rotten_flesh":2,"jeg:scrap":2,"minecraft:andesite_stairs":1,"usefulbackpacks:backpack_small":1,"minecraft:spider_eye":6,"minecraft:arrow":22},"minecraft:crafted":{"minecraft:crafting_table":1,"minecraft:spruce_planks":4,"minecraft:bow":1},"minecraft:used":{"minecraft:mossy_stone_bricks":1,"cgm:pistol":385,"minecraft:baked_potato":2,"minecraft:iron_sword":53,"minecraft:iron_chestplate":1,"minecraft:golden_apple":1,"minecraft:brewing_stand":1,"minecraft:dirt":1,"minecraft:light_gray_terracotta":4,"minecraft:oak_log":1,"minecraft:gray_terracotta":1,"minecraft:iron_axe":11,"minecraft:iron_pickaxe":30,"minecraft:iron_helmet":1,"minecraft:iron_boots":1,"minecraft:stone_bricks":3,"minecraft:potion":1,"minecraft:bow":2,"minecraft:iron_trapdoor":1,"minecraft:furnace":1,"minecraft:smooth_stone":2,"minecraft:iron_leggings":1},"minecraft:killed_by":{"minecraft:player":4,"minecraft:skeleton":2,"minecraft:zombie":7},"minecraft:mined":{"minecraft:gray_terracotta":1,"jeg:scrap_ore":1,"minecraft:blue_stained_glass_pane":1,"minecraft:mossy_cobblestone":1,"minecraft:andesite_stairs":1,"minecraft:brewing_stand":1,"minecraft:light_gray_terracotta":4,"minecraft:grass_block":1,"minecraft:spawner":6,"minecraft:large_fern":1,"minecraft:smooth_stone":2,"minecraft:furnace":1,"minecraft:iron_ore":2,"minecraft:oak_log":1,"minecraft:iron_bars":1,"minecraft:lantern":1,"minecraft:stone_bricks":4,"minecraft:mossy_stone_bricks":1,"minecraft:iron_trapdoor":1},"minecraft:picked_up":{"cgm:basic_bullet":112,"minecraft:iron_chestplate":1,"minecraft:feather":4,"minecraft:iron_trapdoor":2,"minecraft:potato":1,"minecraft:flint":1,"minecraft:oak_log":1,"jeg:scrap":4,"minecraft:brewing_stand":1,"minecraft:golden_boots":1,"minecraft:shield":1,"minecraft:gunpowder":12,"minecraft:polished_deepslate":2,"minecraft:dirt":1,"minecraft:string":26,"minecraft:lantern":1,"minecraft:iron_axe":3,"minecraft:iron_leggings":1,"minecraft:bone":55,"minecraft:stone_bricks":3,"minecraft:bow":6,"minecraft:gray_terracotta":1,"usefulbackpacks:backpack_small":1,"minecraft:smooth_stone":2,"minecraft:andesite_stairs":1,"minecraft:mossy_stone_bricks":1,"minecraft:iron_pickaxe":2,"minecraft:phantom_membrane":1,"minecraft:iron_boots":1,"minecraft:furnace":1,"minecraft:raw_iron":2,"minecraft:stick":8,"minecraft:spruce_log":1,"minecraft:spider_eye":12,"minecraft:mossy_cobblestone":2,"minecraft:light_gray_terracotta":4,"cgm:pistol":3,"minecraft:arrow":55,"minecraft:rotten_flesh":81,"minecraft:slime_ball":1,"minecraft:iron_helmet":1,"minecraft:golden_apple":2,"minecraft:baked_potato":64,"minecraft:iron_bars":1,"minecraft:ender_pearl":1},"minecraft:custom":{"minecraft:interact_with_furnace":1,"minecraft:mob_kills":101,"minecraft:open_barrel":23,"minecraft:time_since_death":16225,"minecraft:sleep_in_bed":3,"minecraft:climb_one_cm":13768,"minecraft:time_since_rest":16250,"minecraft:sprint_one_cm":231004,"minecraft:damage_taken":3339,"minecraft:walk_one_cm":202055,"minecraft:drop":9,"minecraft:damage_dealt":3033,"minecraft:swim_one_cm":31289,"minecraft:fly_one_cm":67012,"minecraft:player_kills":3,"minecraft:open_chest":29,"minecraft:crouch_one_cm":5032,"minecraft:play_time":57983,"minecraft:deaths":14,"minecraft:sneak_time":2864,"minecraft:walk_under_water_one_cm":5446,"minecraft:jump":535,"minecraft:walk_on_water_one_cm":16624,"minecraft:total_world_time":57983,"minecraft:fall_one_cm":16728},"minecraft:killed":{"graveyard:skeleton_creeper":1,"minecraft:spider":13,"minecraft:creeper":4,"minecraft:skeleton":30,"minecraft:zombie":48}},"DataVersion":3120}