{"stats":{"minecraft:used":{"minecraft:polished_deepslate":2,"minecraft:chest":2,"minecraft:iron_sword":280,"minecraft:iron_chestplate":2,"minecraft:snowball":2,"minecraft:cyan_terracotta":2,"minecraft:lantern":1,"minecraft:iron_helmet":1,"minecraft:stone_bricks":22,"minecraft:bow":4,"minecraft:furnace":3,"minecraft:skeleton_skull":9,"minecraft:mossy_stone_bricks":1,"minecraft:oak_planks":17,"minecraft:ender_pearl":2,"minecraft:golden_apple":4,"minecraft:light_gray_terracotta":25,"minecraft:deepslate_brick_stairs":2,"minecraft:iron_door":3,"nzgmaddon:battle_rifle":573,"nzgmaddon:hunting_rifle":17,"minecraft:cobweb":2,"minecraft:iron_bars":4,"minecraft:flint_and_steel":21,"minecraft:red_concrete":1,"minecraft:spruce_planks":94,"minecraft:torch":205,"minecraft:brewing_stand":1,"minecraft:dirt":1,"nzgmaddon:double_barreled_shotgun":128,"minecraft:iron_axe":21,"minecraft:iron_boots":3,"moguns:micro_uzi":406,"minecraft:tripwire_hook":1,"minecraft:iron_trapdoor":1,"minecraft:minecart":6,"minecraft:iron_leggings":3,"cgm:pistol":853,"minecraft:baked_potato":19,"nzgmaddon:hunting_shotgun":46,"graveyard:bone_dagger":10,"moguns:akm":230,"minecraft:crafting_table":6,"minecraft:white_bed":6,"minecraft:oak_log":1,"minecraft:gray_terracotta":1,"minecraft:oak_button":8,"minecraft:iron_pickaxe":181,"minecraft:potion":3,"nzgmaddon:bolt_action_rifle":5,"minecraft:smooth_stone":2},"minecraft:mined":{"minecraft:spruce_planks":1,"minecraft:white_bed":6,"minecraft:andesite_stairs":1,"minecraft:brewing_stand":1,"minecraft:grass_block":1,"minecraft:stone_brick_wall":2,"minecraft:polished_diorite":2,"minecraft:spawner":34,"minecraft:light_blue_stained_glass":1,"minecraft:smooth_stone":3,"minecraft:iron_ore":9,"minecraft:fire":2,"minecraft:cave_vines":1,"minecraft:quartz_slab":1,"minecraft:iron_bars":8,"minecraft:deepslate_brick_stairs":2,"minecraft:gray_terracotta":1,"minecraft:cyan_terracotta":7,"minecraft:amethyst_cluster":1,"minecraft:clay":2,"minecraft:torch":1,"minecraft:light_gray_terracotta":14,"minecraft:oak_planks":11,"minecraft:smooth_sandstone_slab":9,"minecraft:iron_door":3,"minecraft:wall_torch":2,"minecraft:amethyst_block":13,"minecraft:white_terracotta":3,"graveyard:skull_pile":1,"minecraft:oak_log":1,"minecraft:oak_leaves":1,"minecraft:deepslate_tiles":1,"minecraft:blue_stained_glass_pane":1,"minecraft:mossy_cobblestone":1,"minecraft:deepslate_diamond_ore":1,"minecraft:redstone_wire":1,"minecraft:spruce_leaves":2,"minecraft:large_fern":1,"minecraft:furnace":2,"minecraft:carrots":58,"minecraft:green_terracotta":4,"minecraft:polished_deepslate":1,"minecraft:deepslate_iron_ore":9,"minecraft:vine":3,"minecraft:lantern":1,"minecraft:stone":2,"minecraft:redstone_block":6,"jeg:scrap_ore":1,"minecraft:crafting_table":4,"minecraft:copper_ore":4,"minecraft:red_concrete":1,"graveyard:dark_iron_block":1,"graveyard:vase_block":3,"k_turrets:deepslate_titanium_ore":4,"minecraft:quartz_pillar":2,"graveyard:leaning_skeleton":1,"minecraft:cobweb":22,"minecraft:stone_bricks":10,"minecraft:mossy_stone_bricks":1,"minecraft:iron_trapdoor":3},"minecraft:killed":{"minecraft:witch":1,"graveyard:skeleton_creeper":3,"minecraft:spider":30,"graveyard:wraith":12,"minecraft:skeleton":99,"graveyard:acolyte":5,"jeg:ghoul":1,"minecraft:creeper":25,"kevin_trophy:blister_zombie":1,"minecraft:pillager":1,"minecraft:zombie":289,"graveyard:corrupted_pillager":1,"minecraft:cow":3,"graveyard:corrupted_vindicator":4,"graveyard:revenant":5,"minecraft:drowned":2,"kevin_trophy:spitter_zombie":1,"graveyard:ghoul":3,"minecraft:squid":6,"kevin_trophy:crawler_zombie":3},"minecraft:dropped":{"minecraft:baked_potato":57,"minecraft:glass_bottle":1,"minecraft:diamond":20,"minecraft:crafting_table":1,"minecraft:crossbow":2,"minecraft:lantern":1,"minecraft:cracked_stone_bricks":5,"jeg:scrap":2,"nzgmaddon:hunting_shotgun":2,"minecraft:quartz_pillar":2,"minecraft:cyan_terracotta":3,"nzgmaddon:bolt_action_rifle":1,"usefulbackpacks:backpack_small":1,"nzgmaddon:flash_hider":1,"nzgmaddon:medium_bullet":64,"minecraft:phantom_membrane":3,"minecraft:fishing_rod":1,"minecraft:bone":23,"minecraft:gold_ingot":22,"cgm:pistol":1,"minecraft:golden_chestplate":1,"minecraft:cobbled_deepslate":2,"minecraft:rotten_flesh":227,"minecraft:leather_chestplate":4,"cgm:basic_bullet":384,"minecraft:leather_boots":1,"minecraft:birch_door":1,"minecraft:iron_bars":5,"minecraft:arrow":24,"minecraft:quartz":1,"moguns:awp":2,"nzgmaddon:extended_barrel":1,"minecraft:golden_boots":1,"minecraft:iron_ingot":175,"minecraft:black_dye":1,"minecraft:wheat_seeds":2,"minecraft:tnt":1,"minecraft:mossy_cobblestone":1,"minecraft:minecart":1,"minecraft:feather":2,"minecraft:iron_helmet":5,"minecraft:cobblestone":1,"moguns:micro_uzi":1,"moguns:762x51":64,"minecraft:chainmail_helmet":1,"minecraft:coal":20,"minecraft:coal_block":6,"minecraft:stick":16,"minecraft:wooden_axe":2,"minecraft:iron_door":1,"minecraft:iron_leggings":2,"minecraft:iron_shovel":2,"minecraft:string":33,"nzgmaddon:battle_rifle":1,"nzgmaddon:double_barreled_shotgun":2,"minecraft:green_terracotta":4,"minecraft:light_gray_terracotta":11,"minecraft:raw_iron":64,"minecraft:iron_boots":2,"minecraft:diamond_chestplate":1,"minecraft:iron_chestplate":3,"minecraft:andesite":1,"minecraft:golden_leggings":1,"minecraft:andesite_stairs":1,"minecraft:oak_sapling":1,"minecraft:spider_eye":12,"minecraft:slime_ball":1,"minecraft:bow":4,"nzgmaddon:hunting_rifle":1},"minecraft:broken":{"minecraft:iron_boots":3,"minecraft:iron_chestplate":2,"minecraft:iron_leggings":1,"minecraft:iron_helmet":1},"minecraft:killed_by":{"minecraft:creeper":1,"graveyard:acolyte":1,"minecraft:zombie":41,"graveyard:revenant":2,"graveyard:wraith":10,"minecraft:player":27,"minecraft:enderman":3,"minecraft:skeleton":7,"kevin_trophy:blister_zombie":1,"graveyard:corrupted_vindicator":1},"minecraft:crafted":{"minecraft:black_dye":9,"minecraft:bow":1,"minecraft:chest":2,"minecraft:oak_button":8,"minecraft:crafting_table":4,"minecraft:spruce_planks":4,"minecraft:copper_ingot":110,"minecraft:stick":52,"minecraft:coal":27,"minecraft:tripwire_hook":2,"minecraft:iron_nugget":216,"graveyard:dark_iron_ingot":9,"minecraft:minecart":4,"minecraft:coal_block":26,"minecraft:air":0,"minecraft:white_wool":26,"minecraft:gold_nugget":207,"firstaid:bandage":1,"minecraft:torch":184},"minecraft:picked_up":{"minecraft:wooden_axe":1,"minecraft:birch_door":1,"minecraft:iron_chestplate":3,"cgm:basic_bullet":112,"minecraft:redstone_block":5,"minecraft:iron_trapdoor":3,"minecraft:potion":4,"minecraft:brewing_stand":3,"minecraft:amethyst_block":9,"minecraft:polished_deepslate":3,"minecraft:string":97,"minecraft:raw_copper":110,"nzgmaddon:battle_rifle":1,"minecraft:iron_leggings":1,"moguns:micro_uzi":2,"minecraft:deepslate_tiles":1,"minecraft:cobbled_deepslate":2,"minecraft:smooth_stone":2,"minecraft:spruce_planks":32,"minecraft:iron_pickaxe":2,"minecraft:coal_block":10,"cgm:advanced_bullet":160,"minecraft:furnace":3,"minecraft:iron_boots":1,"minecraft:stick":10,"moguns:akm":1,"minecraft:torch":21,"minecraft:golden_chestplate":2,"minecraft:green_terracotta":7,"minecraft:rotten_flesh":430,"minecraft:cyan_terracotta":7,"minecraft:white_terracotta":2,"minecraft:deepslate_brick_stairs":2,"minecraft:iron_bars":16,"minecraft:snowball":2,"minecraft:cobblestone":4,"minecraft:leather_chestplate":5,"minecraft:feather":6,"minecraft:iron_door":4,"nzgmaddon:bolt_action_rifle":2,"minecraft:andesite":1,"minecraft:golden_leggings":1,"minecraft:potato":5,"minecraft:flint":1,"jeg:scrap":13,"minecraft:lantern":3,"minecraft:dirt":1,"nzgmaddon:double_barreled_shotgun":2,"minecraft:leather_boots":1,"nzgmaddon:hunting_shotgun":3,"minecraft:bone":174,"minecraft:gray_terracotta":1,"minecraft:bow":11,"minecraft:wheat_seeds":2,"moguns:awp":2,"minecraft:mossy_stone_bricks":1,"minecraft:powered_rail":6,"minecraft:oak_planks":16,"graveyard:bone_dagger":1,"minecraft:ink_sac":9,"minecraft:mossy_cobblestone":3,"cgm:shell":384,"cgm:pistol":3,"minecraft:light_gray_terracotta":36,"minecraft:diamond":1,"minecraft:slime_block":1,"minecraft:crossbow":2,"minecraft:golden_apple":2,"minecraft:chainmail_helmet":1,"minecraft:oak_sapling":1,"moguns:9x19":445,"minecraft:fishing_rod":2,"minecraft:crafting_table":4,"nzgmaddon:flash_hider":3,"nzgmaddon:hunting_rifle":2,"minecraft:shield":1,"nzgmaddon:ballistic_scope":1,"minecraft:iron_axe":3,"moguns:762x39":240,"minecraft:quartz_slab":1,"minecraft:iron_shovel":2,"graveyard:corruption":7,"minecraft:cracked_stone_bricks":5,"usefulbackpacks:backpack_small":1,"nzgmaddon:medium_bullet":796,"minecraft:beef":7,"minecraft:andesite_stairs":1,"minecraft:iron_nugget":4,"minecraft:minecart":4,"minecraft:phantom_membrane":6,"minecraft:raw_iron":19,"minecraft:quartz_pillar":2,"minecraft:carrot":159,"minecraft:redstone":1,"minecraft:smooth_sandstone_slab":2,"minecraft:tnt":1,"minecraft:arrow":105,"minecraft:deepslate_bricks":1,"k_turrets:raw_titanium":4,"minecraft:gold_ingot":7,"minecraft:glow_berries":2,"minecraft:leather":3,"minecraft:oak_log":1,"minecraft:golden_boots":3,"minecraft:gunpowder":123,"minecraft:white_banner":1,"minecraft:stone_bricks":23,"minecraft:iron_ingot":60,"minecraft:cobweb":2,"minecraft:flowering_azalea":1,"moguns:762x51":60,"minecraft:quartz":1,"graveyard:dark_iron_block":1,"minecraft:amethyst_shard":4,"minecraft:spruce_sapling":1,"minecraft:white_bed":6,"minecraft:spruce_log":3,"minecraft:spider_eye":28,"nzgmaddon:extended_barrel":1,"minecraft:slime_ball":5,"minecraft:iron_helmet":3,"minecraft:baked_potato":121,"minecraft:red_concrete":1,"minecraft:coal":5,"minecraft:ender_pearl":8},"minecraft:custom":{"minecraft:interact_with_crafting_table":17,"minecraft:open_barrel":177,"minecraft:leave_game":5,"minecraft:time_since_death":1364,"minecraft:sprint_one_cm":1248991,"minecraft:drop":174,"minecraft:play_time":395880,"minecraft:deaths":97,"minecraft:jump":4075,"minecraft:walk_on_water_one_cm":160317,"minecraft:interact_with_furnace":21,"minecraft:sleep_in_bed":7,"minecraft:damage_dealt":11876,"minecraft:player_kills":26,"minecraft:crouch_one_cm":26880,"minecraft:inspect_dispenser":1,"minecraft:mob_kills":500,"minecraft:damage_dealt_resisted":80,"minecraft:climb_one_cm":59560,"minecraft:walk_one_cm":873738,"minecraft:damage_dealt_absorbed":40,"minecraft:sneak_time":13606,"minecraft:walk_under_water_one_cm":49050,"minecraft:interact_with_lectern":1,"minecraft:total_world_time":395880,"minecraft:tune_noteblock":5,"minecraft:time_since_rest":1393,"minecraft:damage_taken":20406,"minecraft:minecart_one_cm":239000,"minecraft:swim_one_cm":174361,"minecraft:fly_one_cm":626187,"minecraft:open_chest":204,"minecraft:fall_one_cm":91499}},"DataVersion":3120}