{"stats":{"minecraft:dropped":{"cgm:pistol":1,"minecraft:crafting_table":1},"minecraft:crafted":{"minecraft:bow":1,"minecraft:crafting_table":1,"minecraft:spruce_planks":4},"minecraft:used":{"minecraft:oak_log":1,"minecraft:mossy_stone_bricks":1,"minecraft:iron_axe":11,"cgm:pistol":184,"minecraft:iron_pickaxe":16,"minecraft:iron_helmet":1,"minecraft:iron_sword":13,"minecraft:iron_boots":1,"minecraft:iron_chestplate":1,"minecraft:light_gray_terracotta":4,"minecraft:iron_leggings":1},"minecraft:killed_by":{"minecraft:player":1,"minecraft:skeleton":2,"minecraft:zombie":6},"minecraft:mined":{"minecraft:large_fern":1,"minecraft:gray_terracotta":1,"minecraft:furnace":1,"minecraft:brewing_stand":1,"minecraft:light_gray_terracotta":4,"minecraft:oak_log":1,"minecraft:iron_bars":1,"minecraft:stone_bricks":2,"minecraft:mossy_stone_bricks":1,"minecraft:spawner":4},"minecraft:picked_up":{"minecraft:iron_chestplate":1,"minecraft:stick":8,"minecraft:feather":4,"cgm:basic_bullet":112,"minecraft:flint":1,"minecraft:oak_log":1,"minecraft:brewing_stand":1,"minecraft:spruce_log":1,"minecraft:shield":1,"minecraft:gunpowder":8,"minecraft:spider_eye":9,"minecraft:string":18,"minecraft:iron_axe":3,"minecraft:iron_leggings":1,"cgm:pistol":3,"minecraft:light_gray_terracotta":4,"minecraft:arrow":21,"minecraft:bone":42,"minecraft:rotten_flesh":61,"minecraft:slime_ball":1,"minecraft:stone_bricks":2,"minecraft:gray_terracotta":1,"minecraft:bow":5,"minecraft:iron_helmet":1,"minecraft:mossy_stone_bricks":1,"minecraft:iron_pickaxe":2,"minecraft:baked_potato":64,"minecraft:iron_bars":1,"minecraft:furnace":1,"minecraft:iron_boots":1},"minecraft:custom":{"minecraft:time_since_rest":247,"minecraft:interact_with_furnace":1,"minecraft:sprint_one_cm":119998,"minecraft:damage_taken":1512,"minecraft:walk_one_cm":124389,"minecraft:mob_kills":56,"minecraft:drop":2,"minecraft:damage_dealt":1597,"minecraft:fly_one_cm":17815,"minecraft:open_chest":20,"minecraft:crouch_one_cm":1371,"minecraft:play_time":27983,"minecraft:deaths":9,"minecraft:sneak_time":816,"minecraft:jump":151,"minecraft:time_since_death":220,"minecraft:climb_one_cm":6944,"minecraft:sleep_in_bed":3,"minecraft:total_world_time":27983,"minecraft:fall_one_cm":1653},"minecraft:killed":{"minecraft:skeleton":18,"minecraft:zombie":24,"minecraft:spider":10,"minecraft:creeper":1}},"DataVersion":3120}