{"stats":{"minecraft:dropped":{"minecraft:crafting_table":1},"minecraft:crafted":{"minecraft:crafting_table":1,"minecraft:spruce_planks":4},"minecraft:used":{"minecraft:iron_axe":10,"cgm:pistol":28,"minecraft:iron_pickaxe":2,"minecraft:iron_helmet":1,"minecraft:iron_sword":11,"minecraft:iron_boots":1,"minecraft:iron_chestplate":1,"minecraft:light_gray_terracotta":1,"minecraft:iron_leggings":1},"minecraft:killed_by":{"minecraft:skeleton":2,"minecraft:zombie":3},"minecraft:mined":{"minecraft:large_fern":1,"minecraft:light_gray_terracotta":1},"minecraft:picked_up":{"minecraft:stick":8,"minecraft:feather":2,"cgm:basic_bullet":56,"minecraft:spruce_log":1,"minecraft:shield":1,"minecraft:gunpowder":1,"minecraft:spider_eye":4,"minecraft:string":7,"minecraft:iron_axe":3,"cgm:pistol":2,"minecraft:light_gray_terracotta":1,"minecraft:arrow":9,"minecraft:bone":15,"minecraft:rotten_flesh":13,"minecraft:bow":3,"minecraft:iron_helmet":1,"minecraft:iron_pickaxe":2,"minecraft:baked_potato":32},"minecraft:custom":{"minecraft:time_since_rest":295,"minecraft:sprint_one_cm":63707,"minecraft:damage_taken":803,"minecraft:walk_one_cm":61552,"minecraft:mob_kills":14,"minecraft:drop":1,"minecraft:damage_dealt":1432,"minecraft:fly_one_cm":10673,"minecraft:open_chest":16,"minecraft:crouch_one_cm":1083,"minecraft:play_time":15983,"minecraft:deaths":5,"minecraft:sneak_time":533,"minecraft:jump":97,"minecraft:time_since_death":263,"minecraft:climb_one_cm":2166,"minecraft:sleep_in_bed":3,"minecraft:total_world_time":15983,"minecraft:fall_one_cm":1653},"minecraft:killed":{"minecraft:skeleton":5,"minecraft:zombie":5,"minecraft:spider":3}},"DataVersion":3120}