{"stats":{"minecraft:dropped":{"minecraft:crafting_table":1},"minecraft:crafted":{"minecraft:crafting_table":1,"minecraft:spruce_planks":4},"minecraft:picked_up":{"minecraft:spruce_log":1},"minecraft:custom":{"minecraft:jump":22,"minecraft:time_since_rest":3983,"minecraft:crouch_one_cm":89,"minecraft:damage_taken":10,"minecraft:sprint_one_cm":2115,"minecraft:play_time":3983,"minecraft:time_since_death":3983,"minecraft:walk_one_cm":8878,"minecraft:sneak_time":158,"minecraft:total_world_time":3983,"minecraft:drop":1,"minecraft:fall_one_cm":620,"minecraft:fly_one_cm":875}},"DataVersion":3120}