{"stats":{"minecraft:mined":{"minecraft:white_bed":4,"minecraft:blue_stained_glass_pane":1,"minecraft:mossy_cobblestone":1,"minecraft:andesite_stairs":1,"minecraft:brewing_stand":1,"minecraft:stone_brick_wall":2,"minecraft:grass_block":1,"minecraft:polished_diorite":2,"minecraft:spruce_leaves":2,"minecraft:spawner":20,"minecraft:light_blue_stained_glass":1,"minecraft:large_fern":1,"minecraft:smooth_stone":3,"minecraft:furnace":2,"minecraft:iron_ore":9,"minecraft:fire":2,"minecraft:green_terracotta":1,"minecraft:quartz_slab":1,"minecraft:vine":2,"minecraft:cave_vines":1,"minecraft:deepslate_iron_ore":3,"minecraft:iron_bars":8,"minecraft:lantern":1,"minecraft:stone":2,"minecraft:gray_terracotta":1,"jeg:scrap_ore":1,"minecraft:cyan_terracotta":5,"minecraft:amethyst_cluster":1,"minecraft:clay":2,"minecraft:light_gray_terracotta":14,"minecraft:copper_ore":4,"minecraft:oak_planks":10,"minecraft:smooth_sandstone_slab":8,"minecraft:iron_door":1,"minecraft:wall_torch":2,"minecraft:amethyst_block":13,"minecraft:quartz_pillar":2,"minecraft:oak_log":1,"minecraft:cobweb":1,"minecraft:stone_bricks":7,"minecraft:mossy_stone_bricks":1,"minecraft:oak_leaves":1,"minecraft:iron_trapdoor":3},"minecraft:used":{"minecraft:iron_bars":4,"minecraft:polished_deepslate":2,"minecraft:flint_and_steel":21,"minecraft:chest":2,"minecraft:spruce_planks":45,"minecraft:iron_sword":195,"minecraft:iron_chestplate":2,"minecraft:torch":132,"minecraft:brewing_stand":1,"minecraft:dirt":1,"nzgmaddon:double_barreled_shotgun":100,"minecraft:snowball":2,"minecraft:lantern":1,"minecraft:iron_axe":21,"minecraft:iron_helmet":1,"minecraft:iron_boots":3,"moguns:micro_uzi":398,"minecraft:stone_bricks":20,"minecraft:tripwire_hook":1,"minecraft:bow":4,"minecraft:iron_trapdoor":1,"minecraft:furnace":3,"minecraft:skeleton_skull":9,"minecraft:iron_leggings":3,"minecraft:mossy_stone_bricks":1,"cgm:pistol":754,"minecraft:baked_potato":10,"minecraft:oak_planks":17,"minecraft:golden_apple":1,"minecraft:crafting_table":2,"minecraft:light_gray_terracotta":25,"minecraft:white_bed":4,"minecraft:oak_log":1,"minecraft:gray_terracotta":1,"minecraft:iron_pickaxe":128,"minecraft:iron_door":1,"minecraft:potion":1,"nzgmaddon:battle_rifle":390,"minecraft:smooth_stone":2},"minecraft:killed":{"graveyard:skeleton_creeper":2,"graveyard:revenant":5,"minecraft:spider":19,"minecraft:skeleton":57,"minecraft:drowned":2,"kevin_trophy:spitter_zombie":1,"jeg:ghoul":1,"graveyard:ghoul":1,"minecraft:creeper":11,"minecraft:squid":3,"kevin_trophy:blister_zombie":1,"kevin_trophy:crawler_zombie":2,"minecraft:zombie":212,"minecraft:cow":3},"minecraft:dropped":{"minecraft:iron_ingot":81,"minecraft:mossy_cobblestone":1,"minecraft:glass_bottle":1,"minecraft:crafting_table":1,"minecraft:feather":2,"minecraft:iron_helmet":5,"minecraft:cobblestone":1,"minecraft:lantern":1,"moguns:micro_uzi":1,"minecraft:cracked_stone_bricks":5,"minecraft:quartz_pillar":2,"jeg:scrap":2,"moguns:762x51":64,"minecraft:chainmail_helmet":1,"minecraft:coal":20,"minecraft:coal_block":6,"minecraft:stick":16,"minecraft:cyan_terracotta":3,"minecraft:wooden_axe":2,"minecraft:iron_door":1,"usefulbackpacks:backpack_small":1,"minecraft:iron_leggings":2,"nzgmaddon:medium_bullet":64,"minecraft:phantom_membrane":2,"minecraft:iron_shovel":1,"minecraft:bone":16,"minecraft:gold_ingot":22,"nzgmaddon:double_barreled_shotgun":1,"cgm:pistol":1,"minecraft:cobbled_deepslate":2,"minecraft:light_gray_terracotta":11,"minecraft:rotten_flesh":112,"minecraft:iron_boots":2,"minecraft:leather_chestplate":3,"minecraft:diamond_chestplate":1,"minecraft:iron_chestplate":3,"minecraft:andesite":1,"minecraft:leather_boots":1,"minecraft:golden_leggings":1,"minecraft:oak_sapling":1,"minecraft:andesite_stairs":1,"minecraft:spider_eye":8,"minecraft:slime_ball":1,"minecraft:iron_bars":5,"minecraft:bow":3,"minecraft:arrow":22,"minecraft:quartz":1,"moguns:awp":2,"nzgmaddon:extended_barrel":1},"minecraft:broken":{"minecraft:iron_boots":2,"minecraft:iron_chestplate":1,"minecraft:iron_leggings":1,"minecraft:iron_helmet":1},"minecraft:killed_by":{"minecraft:player":21,"minecraft:creeper":1,"minecraft:enderman":3,"minecraft:skeleton":5,"minecraft:zombie":27,"kevin_trophy:blister_zombie":1,"graveyard:revenant":1},"minecraft:crafted":{"minecraft:black_dye":4,"minecraft:coal":27,"minecraft:tripwire_hook":2,"minecraft:iron_nugget":99,"minecraft:bow":1,"minecraft:chest":2,"minecraft:coal_block":26,"minecraft:crafting_table":3,"minecraft:spruce_planks":4,"minecraft:copper_ingot":110,"minecraft:air":0,"minecraft:gold_nugget":45,"minecraft:stick":52,"minecraft:torch":184},"minecraft:picked_up":{"minecraft:wooden_axe":1,"minecraft:fishing_rod":1,"minecraft:iron_chestplate":3,"cgm:basic_bullet":112,"minecraft:iron_trapdoor":3,"minecraft:brewing_stand":3,"minecraft:shield":1,"minecraft:amethyst_block":9,"minecraft:polished_deepslate":2,"minecraft:quartz_slab":1,"minecraft:string":47,"minecraft:iron_axe":3,"minecraft:raw_copper":110,"nzgmaddon:battle_rifle":1,"minecraft:iron_leggings":1,"minecraft:iron_shovel":1,"minecraft:cracked_stone_bricks":5,"moguns:micro_uzi":2,"minecraft:cobbled_deepslate":2,"minecraft:smooth_stone":2,"usefulbackpacks:backpack_small":1,"nzgmaddon:medium_bullet":556,"minecraft:spruce_planks":32,"minecraft:beef":7,"minecraft:andesite_stairs":1,"minecraft:iron_nugget":4,"minecraft:iron_pickaxe":2,"minecraft:coal_block":10,"minecraft:phantom_membrane":5,"minecraft:furnace":3,"minecraft:iron_boots":1,"minecraft:stick":8,"minecraft:raw_iron":13,"minecraft:torch":20,"minecraft:quartz_pillar":2,"minecraft:green_terracotta":1,"minecraft:smooth_sandstone_slab":2,"minecraft:arrow":79,"minecraft:rotten_flesh":282,"minecraft:cyan_terracotta":5,"minecraft:gold_ingot":7,"minecraft:glow_berries":2,"minecraft:iron_bars":16,"minecraft:snowball":2,"minecraft:cobblestone":4,"minecraft:leather_chestplate":4,"minecraft:feather":6,"minecraft:iron_door":2,"minecraft:andesite":1,"minecraft:leather":3,"minecraft:golden_leggings":1,"minecraft:potato":4,"minecraft:flint":1,"minecraft:oak_log":1,"jeg:scrap":4,"minecraft:golden_boots":1,"minecraft:gunpowder":80,"minecraft:dirt":1,"minecraft:lantern":3,"nzgmaddon:double_barreled_shotgun":2,"minecraft:leather_boots":1,"minecraft:bone":118,"minecraft:stone_bricks":21,"minecraft:bow":10,"minecraft:gray_terracotta":1,"minecraft:iron_ingot":38,"moguns:awp":2,"minecraft:mossy_stone_bricks":1,"minecraft:flowering_azalea":1,"minecraft:oak_planks":8,"moguns:762x51":60,"minecraft:quartz":1,"minecraft:amethyst_shard":4,"minecraft:ink_sac":4,"minecraft:white_bed":4,"minecraft:spruce_log":1,"minecraft:spider_eye":21,"minecraft:mossy_cobblestone":3,"nzgmaddon:extended_barrel":1,"cgm:shell":384,"cgm:pistol":3,"minecraft:light_gray_terracotta":36,"minecraft:slime_ball":5,"minecraft:slime_block":1,"minecraft:iron_helmet":3,"minecraft:golden_apple":2,"minecraft:chainmail_helmet":1,"minecraft:baked_potato":64,"minecraft:oak_sapling":1,"minecraft:coal":3,"moguns:9x19":400,"minecraft:ender_pearl":4},"minecraft:custom":{"minecraft:mob_kills":323,"minecraft:interact_with_crafting_table":11,"minecraft:open_barrel":131,"minecraft:leave_game":1,"minecraft:time_since_death":17169,"minecraft:climb_one_cm":40278,"minecraft:sprint_one_cm":803078,"minecraft:walk_one_cm":600931,"minecraft:drop":109,"minecraft:play_time":239931,"minecraft:sneak_time":9819,"minecraft:deaths":62,"minecraft:walk_under_water_one_cm":31121,"minecraft:jump":1902,"minecraft:walk_on_water_one_cm":114610,"minecraft:total_world_time":239931,"minecraft:interact_with_furnace":19,"minecraft:tune_noteblock":5,"minecraft:sleep_in_bed":7,"minecraft:time_since_rest":17195,"minecraft:damage_taken":13126,"minecraft:damage_dealt":9124,"minecraft:swim_one_cm":116459,"minecraft:fly_one_cm":227774,"minecraft:player_kills":22,"minecraft:open_chest":143,"minecraft:crouch_one_cm":20059,"minecraft:fall_one_cm":45259,"minecraft:inspect_dispenser":1}},"DataVersion":3120}