{"stats":{"minecraft:mined":{"minecraft:white_bed":1,"minecraft:blue_stained_glass_pane":1,"minecraft:mossy_cobblestone":1,"minecraft:andesite_stairs":1,"minecraft:brewing_stand":1,"minecraft:grass_block":1,"minecraft:spruce_leaves":2,"minecraft:spawner":8,"minecraft:light_blue_stained_glass":1,"minecraft:large_fern":1,"minecraft:smooth_stone":2,"minecraft:furnace":2,"minecraft:iron_ore":9,"minecraft:fire":2,"minecraft:deepslate_iron_ore":3,"minecraft:iron_bars":6,"minecraft:lantern":1,"minecraft:gray_terracotta":1,"jeg:scrap_ore":1,"minecraft:cyan_terracotta":3,"minecraft:amethyst_cluster":1,"minecraft:light_gray_terracotta":14,"minecraft:copper_ore":4,"minecraft:oak_planks":10,"minecraft:iron_door":1,"minecraft:wall_torch":1,"minecraft:amethyst_block":13,"minecraft:oak_log":1,"minecraft:cobweb":1,"minecraft:stone_bricks":6,"minecraft:mossy_stone_bricks":1,"minecraft:oak_leaves":1,"minecraft:iron_trapdoor":1},"minecraft:used":{"minecraft:iron_bars":4,"minecraft:polished_deepslate":2,"minecraft:flint_and_steel":21,"minecraft:spruce_planks":13,"minecraft:iron_sword":173,"minecraft:iron_chestplate":2,"minecraft:torch":59,"minecraft:brewing_stand":1,"minecraft:dirt":1,"nzgmaddon:double_barreled_shotgun":97,"minecraft:snowball":2,"minecraft:lantern":1,"minecraft:iron_axe":21,"minecraft:iron_helmet":1,"minecraft:iron_boots":3,"moguns:micro_uzi":398,"minecraft:stone_bricks":17,"minecraft:tripwire_hook":1,"minecraft:bow":4,"minecraft:iron_trapdoor":1,"minecraft:furnace":3,"minecraft:skeleton_skull":9,"minecraft:iron_leggings":3,"minecraft:mossy_stone_bricks":1,"cgm:pistol":754,"minecraft:baked_potato":8,"minecraft:oak_planks":17,"minecraft:golden_apple":1,"minecraft:crafting_table":1,"minecraft:light_gray_terracotta":25,"minecraft:white_bed":1,"minecraft:oak_log":1,"minecraft:gray_terracotta":1,"minecraft:iron_pickaxe":84,"minecraft:iron_door":1,"minecraft:potion":1,"nzgmaddon:battle_rifle":110,"minecraft:smooth_stone":2},"minecraft:killed":{"graveyard:skeleton_creeper":2,"graveyard:revenant":5,"minecraft:spider":18,"minecraft:skeleton":56,"minecraft:drowned":1,"kevin_trophy:spitter_zombie":1,"jeg:ghoul":1,"graveyard:ghoul":1,"minecraft:creeper":11,"minecraft:squid":3,"kevin_trophy:blister_zombie":1,"kevin_trophy:crawler_zombie":2,"minecraft:zombie":174,"minecraft:cow":3},"minecraft:dropped":{"minecraft:iron_ingot":81,"minecraft:mossy_cobblestone":1,"minecraft:glass_bottle":1,"minecraft:crafting_table":1,"minecraft:feather":2,"minecraft:iron_helmet":4,"minecraft:cobblestone":1,"minecraft:lantern":1,"moguns:micro_uzi":1,"minecraft:cracked_stone_bricks":5,"jeg:scrap":2,"moguns:762x51":64,"minecraft:chainmail_helmet":1,"minecraft:coal":14,"minecraft:stick":16,"minecraft:cyan_terracotta":3,"minecraft:wooden_axe":2,"minecraft:iron_door":1,"usefulbackpacks:backpack_small":1,"minecraft:iron_leggings":1,"nzgmaddon:medium_bullet":64,"minecraft:phantom_membrane":2,"minecraft:iron_shovel":1,"minecraft:bone":15,"minecraft:gold_ingot":22,"nzgmaddon:double_barreled_shotgun":1,"cgm:pistol":1,"minecraft:cobbled_deepslate":2,"minecraft:light_gray_terracotta":11,"minecraft:rotten_flesh":98,"minecraft:leather_chestplate":3,"minecraft:iron_chestplate":3,"minecraft:andesite":1,"minecraft:leather_boots":1,"minecraft:golden_leggings":1,"minecraft:oak_sapling":1,"minecraft:andesite_stairs":1,"minecraft:spider_eye":8,"minecraft:slime_ball":1,"minecraft:iron_bars":3,"minecraft:bow":3,"minecraft:arrow":22,"minecraft:quartz":1,"moguns:awp":2,"nzgmaddon:extended_barrel":1},"minecraft:broken":{"minecraft:iron_boots":2,"minecraft:iron_chestplate":1,"minecraft:iron_leggings":1,"minecraft:iron_helmet":1},"minecraft:killed_by":{"minecraft:player":21,"minecraft:creeper":1,"minecraft:enderman":3,"minecraft:skeleton":5,"minecraft:zombie":22,"kevin_trophy:blister_zombie":1,"graveyard:revenant":1},"minecraft:crafted":{"minecraft:black_dye":4,"minecraft:tripwire_hook":2,"minecraft:iron_nugget":99,"minecraft:bow":1,"minecraft:coal_block":23,"minecraft:crafting_table":2,"minecraft:spruce_planks":4,"minecraft:copper_ingot":110,"minecraft:air":0,"minecraft:gold_nugget":45,"minecraft:stick":32,"minecraft:torch":104},"minecraft:picked_up":{"minecraft:wooden_axe":1,"minecraft:fishing_rod":1,"minecraft:iron_chestplate":3,"cgm:basic_bullet":112,"minecraft:iron_trapdoor":2,"minecraft:brewing_stand":3,"minecraft:shield":1,"minecraft:amethyst_block":9,"minecraft:polished_deepslate":2,"minecraft:string":44,"minecraft:iron_axe":3,"minecraft:raw_copper":110,"nzgmaddon:battle_rifle":1,"minecraft:iron_leggings":1,"minecraft:iron_shovel":1,"minecraft:cracked_stone_bricks":5,"moguns:micro_uzi":2,"minecraft:cobbled_deepslate":2,"minecraft:smooth_stone":2,"usefulbackpacks:backpack_small":1,"nzgmaddon:medium_bullet":556,"minecraft:spruce_planks":2,"minecraft:beef":7,"minecraft:andesite_stairs":1,"minecraft:iron_nugget":4,"minecraft:iron_pickaxe":2,"minecraft:coal_block":4,"minecraft:phantom_membrane":5,"minecraft:furnace":3,"minecraft:iron_boots":1,"minecraft:stick":8,"minecraft:raw_iron":13,"minecraft:torch":17,"minecraft:arrow":79,"minecraft:rotten_flesh":259,"minecraft:cyan_terracotta":3,"minecraft:gold_ingot":7,"minecraft:iron_bars":10,"minecraft:snowball":2,"minecraft:cobblestone":2,"minecraft:leather_chestplate":4,"minecraft:feather":6,"minecraft:iron_door":2,"minecraft:andesite":1,"minecraft:leather":3,"minecraft:golden_leggings":1,"minecraft:potato":4,"minecraft:flint":1,"minecraft:oak_log":1,"jeg:scrap":4,"minecraft:golden_boots":1,"minecraft:gunpowder":69,"minecraft:dirt":1,"minecraft:lantern":3,"nzgmaddon:double_barreled_shotgun":2,"minecraft:leather_boots":1,"minecraft:bone":117,"minecraft:stone_bricks":21,"minecraft:bow":10,"minecraft:gray_terracotta":1,"minecraft:iron_ingot":38,"moguns:awp":2,"minecraft:mossy_stone_bricks":1,"minecraft:flowering_azalea":1,"minecraft:oak_planks":8,"moguns:762x51":60,"minecraft:quartz":1,"minecraft:amethyst_shard":4,"minecraft:ink_sac":4,"minecraft:white_bed":1,"minecraft:spruce_log":1,"minecraft:spider_eye":21,"minecraft:mossy_cobblestone":3,"nzgmaddon:extended_barrel":1,"cgm:shell":384,"cgm:pistol":3,"minecraft:light_gray_terracotta":36,"minecraft:slime_ball":4,"minecraft:slime_block":1,"minecraft:iron_helmet":3,"minecraft:golden_apple":2,"minecraft:chainmail_helmet":1,"minecraft:baked_potato":64,"minecraft:oak_sapling":1,"moguns:9x19":400,"minecraft:ender_pearl":4},"minecraft:custom":{"minecraft:mob_kills":282,"minecraft:interact_with_crafting_table":9,"minecraft:open_barrel":52,"minecraft:leave_game":1,"minecraft:time_since_death":0,"minecraft:climb_one_cm":32227,"minecraft:sprint_one_cm":735237,"minecraft:walk_one_cm":561376,"minecraft:drop":93,"minecraft:play_time":197931,"minecraft:sneak_time":7149,"minecraft:deaths":57,"minecraft:walk_under_water_one_cm":15307,"minecraft:jump":1497,"minecraft:walk_on_water_one_cm":42750,"minecraft:total_world_time":197931,"minecraft:interact_with_furnace":19,"minecraft:tune_noteblock":5,"minecraft:sleep_in_bed":6,"minecraft:time_since_rest":5,"minecraft:damage_taken":11713,"minecraft:damage_dealt":8852,"minecraft:swim_one_cm":61558,"minecraft:fly_one_cm":182892,"minecraft:player_kills":22,"minecraft:open_chest":88,"minecraft:crouch_one_cm":15647,"minecraft:fall_one_cm":39642}},"DataVersion":3120}