{"stats":{"minecraft:dropped":{"cgm:pistol":1,"minecraft:crafting_table":1,"minecraft:spider_eye":6},"minecraft:crafted":{"minecraft:crafting_table":1,"minecraft:spruce_planks":4,"minecraft:bow":1},"minecraft:used":{"minecraft:mossy_stone_bricks":1,"cgm:pistol":311,"minecraft:baked_potato":2,"minecraft:iron_sword":42,"minecraft:iron_chestplate":1,"minecraft:brewing_stand":1,"minecraft:dirt":1,"minecraft:light_gray_terracotta":4,"minecraft:oak_log":1,"minecraft:iron_axe":11,"minecraft:iron_pickaxe":20,"minecraft:iron_helmet":1,"minecraft:iron_boots":1,"minecraft:stone_bricks":2,"minecraft:bow":2,"minecraft:furnace":1,"minecraft:smooth_stone":1,"minecraft:iron_leggings":1},"minecraft:killed_by":{"minecraft:player":4,"minecraft:skeleton":2,"minecraft:zombie":7},"minecraft:mined":{"minecraft:gray_terracotta":1,"minecraft:blue_stained_glass_pane":1,"minecraft:brewing_stand":1,"minecraft:light_gray_terracotta":4,"minecraft:grass_block":1,"minecraft:spawner":5,"minecraft:large_fern":1,"minecraft:smooth_stone":1,"minecraft:furnace":1,"minecraft:oak_log":1,"minecraft:iron_bars":1,"minecraft:lantern":1,"minecraft:stone_bricks":2,"minecraft:mossy_stone_bricks":1,"minecraft:iron_trapdoor":1},"minecraft:picked_up":{"cgm:basic_bullet":112,"minecraft:iron_chestplate":1,"minecraft:feather":4,"minecraft:iron_trapdoor":1,"minecraft:flint":1,"minecraft:oak_log":1,"minecraft:brewing_stand":1,"minecraft:golden_boots":1,"minecraft:shield":1,"minecraft:gunpowder":12,"minecraft:dirt":1,"minecraft:string":22,"minecraft:lantern":1,"minecraft:iron_axe":3,"minecraft:iron_leggings":1,"minecraft:bone":55,"minecraft:stone_bricks":2,"minecraft:bow":6,"minecraft:gray_terracotta":1,"minecraft:smooth_stone":1,"minecraft:mossy_stone_bricks":1,"minecraft:iron_pickaxe":2,"minecraft:phantom_membrane":1,"minecraft:iron_boots":1,"minecraft:furnace":1,"minecraft:stick":8,"minecraft:spruce_log":1,"minecraft:spider_eye":10,"minecraft:light_gray_terracotta":4,"cgm:pistol":3,"minecraft:arrow":33,"minecraft:rotten_flesh":72,"minecraft:slime_ball":1,"minecraft:iron_helmet":1,"minecraft:baked_potato":64,"minecraft:iron_bars":1,"minecraft:ender_pearl":1},"minecraft:custom":{"minecraft:interact_with_furnace":1,"minecraft:mob_kills":88,"minecraft:time_since_death":4225,"minecraft:sleep_in_bed":3,"minecraft:climb_one_cm":13768,"minecraft:time_since_rest":4250,"minecraft:sprint_one_cm":213780,"minecraft:damage_taken":2892,"minecraft:walk_one_cm":183491,"minecraft:drop":3,"minecraft:damage_dealt":2707,"minecraft:swim_one_cm":11700,"minecraft:fly_one_cm":54120,"minecraft:player_kills":3,"minecraft:open_chest":22,"minecraft:crouch_one_cm":3223,"minecraft:play_time":45983,"minecraft:deaths":14,"minecraft:sneak_time":2419,"minecraft:walk_under_water_one_cm":365,"minecraft:jump":417,"minecraft:walk_on_water_one_cm":1215,"minecraft:total_world_time":45983,"minecraft:fall_one_cm":14920},"minecraft:killed":{"minecraft:spider":11,"minecraft:creeper":1,"minecraft:skeleton":30,"minecraft:zombie":44}},"DataVersion":3120}