{"stats":{"minecraft:used":{"minecraft:iron_bars":4,"minecraft:polished_deepslate":2,"minecraft:flint_and_steel":21,"minecraft:chest":2,"minecraft:spruce_planks":78,"minecraft:iron_sword":280,"minecraft:torch":157,"minecraft:iron_chestplate":2,"minecraft:brewing_stand":1,"minecraft:dirt":1,"nzgmaddon:double_barreled_shotgun":124,"minecraft:snowball":2,"minecraft:lantern":1,"minecraft:iron_axe":21,"minecraft:iron_helmet":1,"minecraft:iron_boots":3,"moguns:micro_uzi":406,"minecraft:tripwire_hook":1,"minecraft:stone_bricks":20,"minecraft:bow":4,"minecraft:iron_trapdoor":1,"minecraft:furnace":3,"minecraft:skeleton_skull":9,"minecraft:iron_leggings":3,"minecraft:mossy_stone_bricks":1,"cgm:pistol":766,"minecraft:baked_potato":11,"minecraft:oak_planks":17,"minecraft:ender_pearl":2,"minecraft:golden_apple":1,"minecraft:crafting_table":2,"minecraft:light_gray_terracotta":25,"minecraft:white_bed":5,"minecraft:oak_log":1,"minecraft:gray_terracotta":1,"minecraft:iron_pickaxe":161,"minecraft:iron_door":1,"minecraft:potion":1,"nzgmaddon:battle_rifle":573,"minecraft:cobweb":2,"minecraft:smooth_stone":2},"minecraft:mined":{"minecraft:deepslate_tiles":1,"minecraft:white_bed":5,"minecraft:blue_stained_glass_pane":1,"minecraft:mossy_cobblestone":1,"minecraft:deepslate_diamond_ore":1,"minecraft:andesite_stairs":1,"minecraft:brewing_stand":1,"minecraft:stone_brick_wall":2,"minecraft:grass_block":1,"minecraft:redstone_wire":1,"minecraft:polished_diorite":2,"minecraft:spruce_leaves":2,"minecraft:spawner":29,"minecraft:light_blue_stained_glass":1,"minecraft:large_fern":1,"minecraft:smooth_stone":3,"minecraft:furnace":2,"minecraft:iron_ore":9,"minecraft:fire":2,"minecraft:green_terracotta":4,"minecraft:polished_deepslate":1,"minecraft:vine":2,"minecraft:cave_vines":1,"minecraft:deepslate_iron_ore":9,"minecraft:iron_bars":8,"minecraft:quartz_slab":1,"minecraft:lantern":1,"minecraft:stone":2,"minecraft:gray_terracotta":1,"jeg:scrap_ore":1,"minecraft:cyan_terracotta":5,"minecraft:amethyst_cluster":1,"minecraft:clay":2,"minecraft:light_gray_terracotta":14,"minecraft:copper_ore":4,"minecraft:oak_planks":10,"graveyard:dark_iron_block":1,"minecraft:iron_door":1,"minecraft:smooth_sandstone_slab":9,"minecraft:wall_torch":2,"minecraft:amethyst_block":13,"minecraft:white_terracotta":3,"graveyard:vase_block":3,"k_turrets:deepslate_titanium_ore":4,"minecraft:quartz_pillar":2,"graveyard:skull_pile":1,"minecraft:oak_log":1,"graveyard:leaning_skeleton":1,"minecraft:cobweb":22,"minecraft:stone_bricks":8,"minecraft:mossy_stone_bricks":1,"minecraft:oak_leaves":1,"minecraft:iron_trapdoor":3},"minecraft:killed":{"graveyard:skeleton_creeper":3,"minecraft:witch":1,"graveyard:corrupted_vindicator":4,"graveyard:revenant":5,"minecraft:spider":20,"graveyard:wraith":12,"minecraft:skeleton":65,"graveyard:acolyte":4,"kevin_trophy:spitter_zombie":1,"minecraft:drowned":2,"jeg:ghoul":1,"graveyard:ghoul":1,"minecraft:creeper":15,"minecraft:squid":3,"kevin_trophy:blister_zombie":1,"kevin_trophy:crawler_zombie":2,"minecraft:zombie":229,"graveyard:corrupted_pillager":1,"minecraft:cow":3},"minecraft:dropped":{"minecraft:iron_ingot":146,"minecraft:baked_potato":57,"minecraft:diamond":10,"minecraft:tnt":1,"minecraft:mossy_cobblestone":1,"minecraft:glass_bottle":1,"minecraft:crafting_table":1,"minecraft:iron_helmet":5,"minecraft:feather":2,"minecraft:cobblestone":1,"minecraft:lantern":1,"moguns:micro_uzi":1,"minecraft:cracked_stone_bricks":5,"moguns:762x51":64,"jeg:scrap":2,"minecraft:quartz_pillar":2,"minecraft:chainmail_helmet":1,"minecraft:coal":20,"minecraft:coal_block":6,"minecraft:stick":16,"minecraft:cyan_terracotta":3,"minecraft:wooden_axe":2,"minecraft:iron_door":1,"usefulbackpacks:backpack_small":1,"minecraft:iron_leggings":2,"nzgmaddon:medium_bullet":64,"minecraft:phantom_membrane":3,"minecraft:iron_shovel":1,"minecraft:string":33,"minecraft:gold_ingot":22,"minecraft:bone":23,"nzgmaddon:double_barreled_shotgun":1,"cgm:pistol":1,"minecraft:green_terracotta":4,"minecraft:cobbled_deepslate":2,"minecraft:light_gray_terracotta":11,"minecraft:raw_iron":64,"minecraft:rotten_flesh":128,"minecraft:iron_boots":2,"minecraft:leather_chestplate":3,"minecraft:diamond_chestplate":1,"minecraft:iron_chestplate":3,"minecraft:andesite":1,"minecraft:leather_boots":1,"minecraft:golden_leggings":1,"minecraft:oak_sapling":1,"minecraft:andesite_stairs":1,"minecraft:spider_eye":8,"minecraft:slime_ball":1,"minecraft:bow":3,"minecraft:iron_bars":5,"minecraft:arrow":22,"minecraft:quartz":1,"moguns:awp":2,"nzgmaddon:extended_barrel":1},"minecraft:broken":{"minecraft:iron_boots":3,"minecraft:iron_chestplate":2,"minecraft:iron_leggings":1,"minecraft:iron_helmet":1},"minecraft:killed_by":{"minecraft:player":23,"minecraft:creeper":1,"minecraft:enderman":3,"graveyard:acolyte":1,"minecraft:skeleton":5,"minecraft:zombie":36,"kevin_trophy:blister_zombie":1,"graveyard:corrupted_vindicator":1,"graveyard:revenant":2,"graveyard:wraith":10},"minecraft:crafted":{"minecraft:black_dye":4,"minecraft:coal":27,"minecraft:tripwire_hook":2,"minecraft:iron_nugget":99,"graveyard:dark_iron_ingot":9,"minecraft:bow":1,"minecraft:chest":2,"minecraft:coal_block":26,"minecraft:crafting_table":3,"minecraft:spruce_planks":4,"minecraft:copper_ingot":110,"minecraft:air":0,"minecraft:gold_nugget":45,"minecraft:stick":52,"minecraft:torch":184},"minecraft:picked_up":{"minecraft:wooden_axe":1,"minecraft:fishing_rod":1,"minecraft:iron_chestplate":3,"cgm:basic_bullet":112,"minecraft:iron_trapdoor":3,"minecraft:brewing_stand":3,"minecraft:shield":1,"minecraft:amethyst_block":9,"minecraft:polished_deepslate":3,"minecraft:string":83,"minecraft:iron_axe":3,"minecraft:raw_copper":110,"nzgmaddon:battle_rifle":1,"minecraft:iron_leggings":1,"minecraft:quartz_slab":1,"minecraft:iron_shovel":1,"graveyard:corruption":5,"moguns:micro_uzi":2,"minecraft:cracked_stone_bricks":5,"minecraft:deepslate_tiles":1,"minecraft:smooth_stone":2,"usefulbackpacks:backpack_small":1,"minecraft:cobbled_deepslate":2,"nzgmaddon:medium_bullet":556,"minecraft:spruce_planks":32,"minecraft:beef":7,"minecraft:andesite_stairs":1,"minecraft:iron_nugget":4,"minecraft:iron_pickaxe":2,"minecraft:coal_block":10,"minecraft:phantom_membrane":6,"minecraft:iron_boots":1,"minecraft:furnace":3,"minecraft:raw_iron":19,"minecraft:stick":8,"minecraft:torch":20,"minecraft:quartz_pillar":2,"minecraft:redstone":1,"minecraft:green_terracotta":7,"minecraft:smooth_sandstone_slab":2,"minecraft:tnt":1,"minecraft:arrow":86,"minecraft:rotten_flesh":329,"k_turrets:raw_titanium":4,"minecraft:deepslate_bricks":1,"minecraft:cyan_terracotta":5,"minecraft:gold_ingot":7,"minecraft:white_terracotta":2,"minecraft:glow_berries":2,"minecraft:iron_bars":16,"minecraft:snowball":2,"minecraft:cobblestone":4,"minecraft:leather_chestplate":4,"minecraft:feather":6,"minecraft:iron_door":2,"minecraft:andesite":1,"minecraft:leather":3,"minecraft:golden_leggings":1,"minecraft:potato":4,"minecraft:flint":1,"minecraft:oak_log":1,"jeg:scrap":4,"minecraft:golden_boots":1,"minecraft:gunpowder":91,"minecraft:dirt":1,"minecraft:lantern":3,"nzgmaddon:double_barreled_shotgun":2,"minecraft:leather_boots":1,"minecraft:bone":138,"minecraft:stone_bricks":21,"minecraft:bow":10,"minecraft:gray_terracotta":1,"minecraft:iron_ingot":59,"minecraft:cobweb":2,"moguns:awp":2,"minecraft:mossy_stone_bricks":1,"minecraft:oak_planks":8,"minecraft:flowering_azalea":1,"moguns:762x51":60,"minecraft:quartz":1,"graveyard:dark_iron_block":1,"minecraft:amethyst_shard":4,"minecraft:ink_sac":4,"minecraft:white_bed":5,"minecraft:spruce_log":1,"minecraft:spider_eye":24,"minecraft:mossy_cobblestone":3,"nzgmaddon:extended_barrel":1,"cgm:shell":384,"cgm:pistol":3,"minecraft:light_gray_terracotta":36,"minecraft:slime_ball":5,"minecraft:diamond":1,"minecraft:slime_block":1,"minecraft:iron_helmet":3,"minecraft:golden_apple":2,"minecraft:chainmail_helmet":1,"minecraft:baked_potato":121,"minecraft:oak_sapling":1,"moguns:9x19":400,"minecraft:coal":3,"minecraft:ender_pearl":7},"minecraft:custom":{"minecraft:mob_kills":375,"minecraft:interact_with_crafting_table":11,"minecraft:open_barrel":153,"minecraft:damage_dealt_resisted":80,"minecraft:leave_game":2,"minecraft:time_since_death":7617,"minecraft:climb_one_cm":45925,"minecraft:sprint_one_cm":980009,"minecraft:walk_one_cm":714259,"minecraft:drop":127,"minecraft:damage_dealt_absorbed":40,"minecraft:play_time":297009,"minecraft:sneak_time":11216,"minecraft:deaths":86,"minecraft:walk_under_water_one_cm":38388,"minecraft:interact_with_lectern":1,"minecraft:jump":2834,"minecraft:walk_on_water_one_cm":141831,"minecraft:total_world_time":297009,"minecraft:interact_with_furnace":19,"minecraft:tune_noteblock":5,"minecraft:sleep_in_bed":7,"minecraft:time_since_rest":7645,"minecraft:damage_taken":18289,"minecraft:damage_dealt":11254,"minecraft:swim_one_cm":151791,"minecraft:fly_one_cm":390430,"minecraft:player_kills":23,"minecraft:open_chest":169,"minecraft:crouch_one_cm":22833,"minecraft:fall_one_cm":62461,"minecraft:inspect_dispenser":1}},"DataVersion":3120}