{"stats":{"minecraft:dropped":{"minecraft:baked_potato":57,"minecraft:glass_bottle":1,"minecraft:ender_pearl":1,"minecraft:diamond":20,"minecraft:crafting_table":1,"minecraft:crossbow":2,"minecraft:lantern":1,"minecraft:leather":2,"minecraft:cracked_stone_bricks":10,"nzgmaddon:hunting_shotgun":2,"jeg:scrap":2,"minecraft:quartz_pillar":2,"minecraft:cyan_terracotta":3,"nzgmaddon:bolt_action_rifle":1,"usefulbackpacks:backpack_small":2,"nzgmaddon:flash_hider":1,"nzgmaddon:medium_bullet":64,"minecraft:phantom_membrane":3,"minecraft:fishing_rod":1,"minecraft:white_wool":6,"minecraft:bone":23,"minecraft:gold_ingot":22,"bakery:oat":1,"cgm:pistol":1,"minecraft:golden_chestplate":1,"minecraft:cobbled_deepslate":2,"minecraft:rotten_flesh":227,"minecraft:carrot":33,"minecraft:leather_chestplate":4,"cgm:basic_bullet":390,"minecraft:melon_seeds":7,"minecraft:leather_boots":1,"minecraft:birch_door":1,"minecraft:leather_leggings":2,"minecraft:iron_bars":11,"minecraft:arrow":24,"minecraft:quartz":1,"moguns:awp":2,"nzgmaddon:extended_barrel":1,"farmersdelight:tomato_seeds":5,"minecraft:golden_boots":1,"minecraft:iron_ingot":175,"minecraft:wheat_seeds":2,"minecraft:black_dye":1,"minecraft:tnt":1,"minecraft:mossy_cobblestone":1,"minecraft:minecart":1,"minecraft:iron_helmet":5,"minecraft:feather":2,"minecraft:cobblestone":1,"moguns:micro_uzi":2,"moguns:762x51":64,"minecraft:chainmail_helmet":1,"minecraft:coal":20,"minecraft:coal_block":6,"minecraft:stick":16,"minecraft:wooden_axe":2,"minecraft:iron_door":1,"minecraft:diamond_helmet":1,"minecraft:iron_leggings":3,"minecraft:iron_shovel":3,"minecraft:string":36,"nzgmaddon:battle_rifle":1,"nzgmaddon:double_barreled_shotgun":2,"minecraft:green_terracotta":4,"minecraft:light_gray_terracotta":11,"minecraft:raw_iron":64,"farmersdelight:cabbage_seeds":4,"minecraft:iron_boots":2,"minecraft:pumpkin_seeds":3,"moguns:762x39":20,"minecraft:diamond_chestplate":1,"minecraft:iron_chestplate":3,"minecraft:andesite":1,"minecraft:mossy_stone_bricks":8,"minecraft:golden_leggings":2,"minecraft:andesite_stairs":1,"minecraft:oak_sapling":1,"minecraft:spider_eye":17,"minecraft:stone_bricks":8,"minecraft:slime_ball":1,"minecraft:bow":5,"securitycraft:universal_block_reinforcer_lvl1":1,"nzgmaddon:hunting_rifle":1},"minecraft:crafted":{"minecraft:black_dye":9,"minecraft:stone":13,"minecraft:diamond_shovel":1,"securitycraft:laser_block":1,"minecraft:glass":50,"minecraft:bow":1,"minecraft:chest":4,"minecraft:oak_button":8,"minecraft:glass_bottle":24,"minecraft:diamond_axe":1,"minecraft:crafting_table":5,"minecraft:spruce_planks":84,"minecraft:copper_ingot":143,"minecraft:stick":136,"securitycraft:universal_block_reinforcer_lvl1":1,"minecraft:mangrove_propagule":3,"minecraft:redstone":9,"minecraft:coal":27,"minecraft:tripwire_hook":2,"minecraft:iron_nugget":252,"minecraft:spruce_button":2,"graveyard:dark_iron_ingot":9,"minecraft:glass_pane":32,"jeg:scrap_workbench":1,"minecraft:minecart":4,"minecraft:coal_block":26,"minecraft:air":0,"jeg:scrap_block":1,"minecraft:potion":57,"minecraft:white_wool":36,"minecraft:gold_nugget":360,"firstaid:bandage":8,"minecraft:torch":480},"minecraft:used":{"minecraft:polished_deepslate":2,"minecraft:ladder":9,"minecraft:chest":4,"minecraft:iron_sword":462,"minecraft:iron_chestplate":2,"minecraft:snowball":2,"minecraft:cyan_terracotta":3,"minecraft:lantern":1,"minecraft:iron_helmet":1,"jeg:healing_talisman":5,"minecraft:stone_bricks":420,"minecraft:bow":4,"minecraft:furnace":3,"minecraft:skeleton_skull":9,"minecraft:mossy_stone_bricks":1,"minecraft:diamond_boots":1,"minecraft:oak_planks":17,"minecraft:ender_pearl":2,"minecraft:diamond_axe":228,"minecraft:golden_apple":5,"minecraft:light_gray_terracotta":25,"minecraft:deepslate_brick_stairs":2,"minecraft:string":5,"minecraft:iron_door":3,"nzgmaddon:hunting_rifle":108,"nzgmaddon:battle_rifle":573,"minecraft:cobweb":2,"minecraft:iron_bars":4,"minecraft:flint_and_steel":21,"minecraft:red_concrete":1,"minecraft:spruce_planks":96,"minecraft:torch":332,"minecraft:brewing_stand":1,"minecraft:dirt":1,"nzgmaddon:double_barreled_shotgun":128,"minecraft:iron_axe":21,"minecraft:spruce_button":2,"minecraft:iron_boots":3,"moguns:micro_uzi":406,"minecraft:tripwire_hook":1,"minecraft:iron_trapdoor":1,"minecraft:minecart":6,"minecraft:iron_leggings":3,"minecraft:water_bucket":18,"cgm:pistol":853,"minecraft:glass_bottle":27,"minecraft:baked_potato":37,"nzgmaddon:hunting_shotgun":263,"graveyard:bone_dagger":10,"moguns:akm":525,"minecraft:crafting_table":8,"minecraft:white_bed":6,"minecraft:oak_log":1,"minecraft:gray_terracotta":1,"minecraft:diamond_pickaxe":918,"minecraft:diamond_shovel":217,"minecraft:oak_button":8,"minecraft:iron_pickaxe":204,"jeg:scrap_workbench":1,"minecraft:cobblestone":1,"minecraft:potion":6,"minecraft:bucket":19,"minecraft:glass_pane":15,"nzgmaddon:bolt_action_rifle":5,"minecraft:smooth_stone":2},"minecraft:killed_by":{"minecraft:zombie_villager":1,"minecraft:creeper":3,"graveyard:acolyte":1,"graveyard:skeleton_creeper":1,"man:managgresive":2,"minecraft:zombie":44,"graveyard:revenant":3,"graveyard:wraith":10,"minecraft:player":56,"minecraft:spider":1,"minecraft:enderman":3,"minecraft:skeleton":11,"kevin_trophy:blister_zombie":1,"graveyard:corrupted_vindicator":1},"minecraft:broken":{"minecraft:iron_boots":3,"minecraft:iron_chestplate":2,"minecraft:iron_leggings":1,"minecraft:diamond_boots":1,"minecraft:iron_helmet":1},"minecraft:mined":{"minecraft:spruce_planks":9,"minecraft:white_bed":6,"minecraft:andesite_stairs":1,"minecraft:brewing_stand":1,"minecraft:grass_block":1,"minecraft:stone_brick_wall":2,"minecraft:polished_diorite":2,"minecraft:spawner":69,"minecraft:light_blue_stained_glass":1,"minecraft:smooth_stone":3,"minecraft:iron_ore":9,"minecraft:fire":2,"minecraft:anvil":4,"minecraft:enchanting_table":2,"minecraft:cave_vines":1,"minecraft:quartz_slab":1,"minecraft:iron_bars":38,"minecraft:deepslate_brick_stairs":2,"minecraft:gray_terracotta":1,"minecraft:cyan_terracotta":8,"minecraft:amethyst_cluster":1,"minecraft:clay":2,"minecraft:torch":3,"minecraft:light_gray_terracotta":14,"minecraft:cobblestone":3,"minecraft:oak_planks":14,"minecraft:smooth_sandstone_slab":9,"minecraft:iron_door":4,"minecraft:wall_torch":3,"minecraft:amethyst_block":13,"minecraft:white_terracotta":3,"graveyard:skull_pile":1,"minecraft:stone_brick_stairs":2,"minecraft:smooth_stone_slab":80,"minecraft:oak_log":1,"minecraft:sand":180,"minecraft:oak_leaves":2,"minecraft:light_blue_stained_glass_pane":1,"minecraft:deepslate_tiles":1,"minecraft:blue_stained_glass_pane":1,"minecraft:mossy_cobblestone":1,"minecraft:deepslate_diamond_ore":1,"minecraft:gray_stained_glass_pane":5,"minecraft:redstone_wire":1,"minecraft:spruce_leaves":3,"minecraft:large_fern":2,"minecraft:furnace":2,"minecraft:carrots":58,"minecraft:green_terracotta":4,"minecraft:polished_deepslate":1,"minecraft:bookshelf":200,"minecraft:deepslate_iron_ore":9,"minecraft:vine":9,"minecraft:lantern":1,"minecraft:stone":16,"minecraft:redstone_block":6,"jeg:scrap_ore":8,"minecraft:crafting_table":5,"minecraft:copper_ore":4,"minecraft:red_concrete":1,"graveyard:dark_iron_block":1,"graveyard:vase_block":3,"k_turrets:deepslate_titanium_ore":4,"minecraft:spruce_log":16,"minecraft:quartz_pillar":2,"k_turrets:titanium_ore":11,"minecraft:gravel":37,"graveyard:leaning_skeleton":1,"minecraft:cobweb":35,"minecraft:cracked_stone_bricks":125,"minecraft:oak_button":1,"minecraft:stone_bricks":505,"minecraft:mossy_stone_bricks":126,"minecraft:iron_trapdoor":3},"minecraft:picked_up":{"minecraft:wooden_axe":1,"minecraft:iron_chestplate":3,"minecraft:birch_door":1,"cgm:basic_bullet":112,"minecraft:redstone_block":5,"minecraft:iron_trapdoor":3,"minecraft:anvil":4,"minecraft:lead":1,"minecraft:potion":4,"minecraft:stone_brick_stairs":2,"minecraft:brewing_stand":3,"minecraft:amethyst_block":9,"minecraft:polished_deepslate":3,"minecraft:string":199,"minecraft:raw_copper":110,"nzgmaddon:battle_rifle":1,"minecraft:smooth_stone_slab":156,"minecraft:iron_leggings":1,"moguns:micro_uzi":2,"minecraft:deepslate_tiles":1,"minecraft:cobbled_deepslate":2,"minecraft:smooth_stone":2,"minecraft:spruce_planks":40,"cgm:short_scope":2,"minecraft:iron_pickaxe":2,"minecraft:coal_block":10,"cgm:advanced_bullet":160,"minecraft:furnace":3,"minecraft:iron_boots":1,"minecraft:stick":10,"moguns:akm":1,"minecraft:torch":30,"minecraft:golden_chestplate":2,"minecraft:green_terracotta":7,"minecraft:rotten_flesh":583,"minecraft:cyan_terracotta":8,"minecraft:white_terracotta":2,"minecraft:deepslate_brick_stairs":2,"minecraft:iron_bars":48,"minecraft:snowball":2,"minecraft:cobblestone":21,"minecraft:enchanting_table":2,"minecraft:leather_chestplate":5,"minecraft:feather":6,"minecraft:iron_door":5,"nzgmaddon:bolt_action_rifle":2,"minecraft:andesite":1,"minecraft:golden_leggings":2,"minecraft:potato":6,"minecraft:flint":4,"jeg:scrap":47,"minecraft:lantern":3,"minecraft:dirt":9,"nzgmaddon:double_barreled_shotgun":2,"minecraft:leather_boots":2,"nzgmaddon:hunting_shotgun":3,"minecraft:bone":272,"minecraft:bow":13,"minecraft:gray_terracotta":1,"minecraft:wheat_seeds":2,"moguns:awp":2,"minecraft:mossy_stone_bricks":125,"minecraft:powered_rail":6,"minecraft:oak_planks":19,"graveyard:bone_dagger":1,"minecraft:sand":177,"minecraft:ink_sac":9,"minecraft:mossy_cobblestone":5,"cgm:shell":624,"cgm:pistol":3,"minecraft:light_gray_terracotta":36,"minecraft:diamond":1,"minecraft:slime_block":1,"minecraft:crossbow":2,"minecraft:golden_apple":2,"minecraft:chainmail_helmet":1,"minecraft:oak_sapling":1,"moguns:9x19":445,"minecraft:fishing_rod":2,"minecraft:crafting_table":5,"minecraft:ladder":9,"minecraft:leather_leggings":2,"nzgmaddon:flash_hider":3,"nzgmaddon:hunting_rifle":2,"minecraft:shield":1,"nzgmaddon:ballistic_scope":1,"minecraft:iron_axe":3,"moguns:762x39":884,"minecraft:quartz_slab":1,"minecraft:iron_shovel":3,"graveyard:corruption":7,"minecraft:cracked_stone_bricks":129,"usefulbackpacks:backpack_small":2,"nzgmaddon:medium_bullet":796,"minecraft:beef":7,"minecraft:andesite_stairs":1,"minecraft:iron_nugget":4,"minecraft:minecart":4,"minecraft:phantom_membrane":7,"minecraft:raw_iron":19,"minecraft:quartz_pillar":2,"minecraft:carrot":161,"minecraft:redstone":1,"minecraft:smooth_sandstone_slab":2,"minecraft:tnt":1,"jeg:healing_talisman":6,"minecraft:arrow":180,"k_turrets:raw_titanium":23,"minecraft:deepslate_bricks":1,"minecraft:gold_ingot":7,"minecraft:glow_berries":2,"minecraft:leather":3,"minecraft:oak_log":1,"minecraft:golden_boots":3,"minecraft:gunpowder":163,"minecraft:white_banner":1,"minecraft:stone_bricks":531,"minecraft:iron_ingot":60,"minecraft:cobweb":2,"securitycraft:universal_block_reinforcer_lvl1":1,"minecraft:flowering_azalea":1,"jeg:tech_trash":1,"minecraft:book":606,"moguns:762x51":60,"minecraft:quartz":1,"minecraft:gravel":33,"graveyard:dark_iron_block":1,"minecraft:amethyst_shard":4,"minecraft:spruce_sapling":3,"minecraft:white_bed":6,"minecraft:spruce_log":21,"minecraft:spider_eye":92,"nzgmaddon:extended_barrel":1,"minecraft:slime_ball":8,"minecraft:iron_helmet":3,"minecraft:oak_button":1,"minecraft:baked_potato":121,"minecraft:red_concrete":1,"minecraft:coal":5,"minecraft:ender_pearl":12},"minecraft:custom":{"minecraft:interact_with_crafting_table":45,"minecraft:open_barrel":184,"minecraft:leave_game":7,"minecraft:time_since_death":11619,"minecraft:sprint_one_cm":1955014,"minecraft:drop":213,"minecraft:talked_to_villager":4,"minecraft:play_time":628525,"minecraft:deaths":142,"minecraft:jump":6498,"minecraft:interact_with_brewingstand":1,"minecraft:walk_on_water_one_cm":167942,"minecraft:interact_with_furnace":60,"minecraft:traded_with_villager":3,"minecraft:sleep_in_bed":10,"minecraft:damage_dealt":25671,"minecraft:player_kills":73,"minecraft:crouch_one_cm":107643,"minecraft:inspect_dispenser":1,"minecraft:mob_kills":776,"minecraft:damage_dealt_resisted":80,"minecraft:climb_one_cm":131218,"minecraft:walk_one_cm":1352244,"minecraft:damage_dealt_absorbed":40,"minecraft:sneak_time":34308,"minecraft:walk_under_water_one_cm":51480,"minecraft:interact_with_lectern":1,"minecraft:total_world_time":628525,"minecraft:tune_noteblock":5,"minecraft:time_since_rest":14515,"minecraft:damage_taken":31256,"minecraft:minecart_one_cm":239000,"minecraft:swim_one_cm":176260,"minecraft:fly_one_cm":1012501,"minecraft:open_chest":267,"minecraft:fall_one_cm":139715},"minecraft:killed":{"graveyard:skeleton_creeper":3,"minecraft:witch":1,"minecraft:spider":100,"graveyard:wraith":12,"minecraft:skeleton":172,"graveyard:acolyte":5,"jeg:ghoul":2,"minecraft:zombie_villager":1,"minecraft:creeper":36,"kevin_trophy:blister_zombie":1,"minecraft:pillager":1,"minecraft:zombie":396,"graveyard:corrupted_pillager":1,"minecraft:cow":3,"graveyard:corrupted_vindicator":4,"graveyard:revenant":8,"kevin_trophy:spitter_zombie":1,"minecraft:drowned":2,"graveyard:ghoul":6,"minecraft:squid":6,"kevin_trophy:crawler_zombie":3,"minecraft:enderman":1}},"DataVersion":3120}