{"stats":{"minecraft:used":{"minecraft:iron_bars":4,"minecraft:polished_deepslate":2,"minecraft:flint_and_steel":21,"minecraft:red_concrete":1,"minecraft:chest":2,"minecraft:spruce_planks":80,"minecraft:iron_sword":280,"minecraft:torch":172,"minecraft:iron_chestplate":2,"minecraft:brewing_stand":1,"minecraft:dirt":1,"nzgmaddon:double_barreled_shotgun":128,"minecraft:snowball":2,"minecraft:lantern":1,"minecraft:iron_axe":21,"minecraft:iron_helmet":1,"minecraft:iron_boots":3,"moguns:micro_uzi":406,"minecraft:tripwire_hook":1,"minecraft:stone_bricks":20,"minecraft:bow":4,"minecraft:iron_trapdoor":1,"minecraft:furnace":3,"minecraft:skeleton_skull":9,"minecraft:iron_leggings":3,"minecraft:mossy_stone_bricks":1,"cgm:pistol":853,"minecraft:baked_potato":13,"minecraft:oak_planks":17,"minecraft:ender_pearl":2,"graveyard:bone_dagger":10,"minecraft:golden_apple":3,"minecraft:crafting_table":2,"minecraft:light_gray_terracotta":25,"minecraft:white_bed":5,"minecraft:oak_log":1,"minecraft:gray_terracotta":1,"minecraft:iron_pickaxe":171,"minecraft:iron_door":1,"minecraft:potion":1,"nzgmaddon:bolt_action_rifle":5,"nzgmaddon:battle_rifle":573,"minecraft:cobweb":2,"minecraft:smooth_stone":2},"minecraft:mined":{"minecraft:deepslate_tiles":1,"minecraft:spruce_planks":1,"minecraft:white_bed":6,"minecraft:blue_stained_glass_pane":1,"minecraft:mossy_cobblestone":1,"minecraft:deepslate_diamond_ore":1,"minecraft:andesite_stairs":1,"minecraft:brewing_stand":1,"minecraft:stone_brick_wall":2,"minecraft:grass_block":1,"minecraft:redstone_wire":1,"minecraft:polished_diorite":2,"minecraft:spruce_leaves":2,"minecraft:spawner":32,"minecraft:light_blue_stained_glass":1,"minecraft:large_fern":1,"minecraft:smooth_stone":3,"minecraft:furnace":2,"minecraft:carrots":58,"minecraft:iron_ore":9,"minecraft:fire":2,"minecraft:green_terracotta":4,"minecraft:polished_deepslate":1,"minecraft:vine":2,"minecraft:cave_vines":1,"minecraft:deepslate_iron_ore":9,"minecraft:iron_bars":8,"minecraft:quartz_slab":1,"minecraft:lantern":1,"minecraft:stone":2,"minecraft:gray_terracotta":1,"minecraft:redstone_block":6,"jeg:scrap_ore":1,"minecraft:cyan_terracotta":5,"minecraft:amethyst_cluster":1,"minecraft:clay":2,"minecraft:torch":1,"minecraft:light_gray_terracotta":14,"minecraft:copper_ore":4,"minecraft:red_concrete":1,"minecraft:oak_planks":10,"graveyard:dark_iron_block":1,"minecraft:iron_door":1,"minecraft:smooth_sandstone_slab":9,"minecraft:wall_torch":2,"minecraft:amethyst_block":13,"minecraft:white_terracotta":3,"graveyard:vase_block":3,"k_turrets:deepslate_titanium_ore":4,"minecraft:quartz_pillar":2,"graveyard:skull_pile":1,"minecraft:oak_log":1,"graveyard:leaning_skeleton":1,"minecraft:cobweb":22,"minecraft:stone_bricks":8,"minecraft:mossy_stone_bricks":1,"minecraft:oak_leaves":1,"minecraft:iron_trapdoor":3},"minecraft:killed":{"graveyard:skeleton_creeper":3,"minecraft:witch":1,"graveyard:corrupted_vindicator":4,"graveyard:revenant":5,"minecraft:spider":21,"graveyard:wraith":12,"minecraft:skeleton":70,"graveyard:acolyte":5,"kevin_trophy:spitter_zombie":1,"minecraft:drowned":2,"jeg:ghoul":1,"graveyard:ghoul":2,"minecraft:creeper":22,"minecraft:squid":6,"kevin_trophy:blister_zombie":1,"kevin_trophy:crawler_zombie":2,"minecraft:zombie":240,"graveyard:corrupted_pillager":1,"minecraft:cow":3},"minecraft:dropped":{"minecraft:golden_boots":1,"minecraft:iron_ingot":175,"minecraft:black_dye":1,"minecraft:baked_potato":57,"minecraft:diamond":20,"minecraft:tnt":1,"minecraft:mossy_cobblestone":1,"minecraft:glass_bottle":1,"minecraft:crafting_table":1,"minecraft:iron_helmet":5,"minecraft:feather":2,"minecraft:cobblestone":1,"minecraft:lantern":1,"nzgmaddon:hunting_shotgun":1,"moguns:micro_uzi":1,"minecraft:cracked_stone_bricks":5,"moguns:762x51":64,"jeg:scrap":2,"minecraft:quartz_pillar":2,"minecraft:chainmail_helmet":1,"minecraft:coal":20,"minecraft:coal_block":6,"minecraft:stick":16,"nzgmaddon:bolt_action_rifle":1,"minecraft:cyan_terracotta":3,"minecraft:wooden_axe":2,"minecraft:iron_door":1,"usefulbackpacks:backpack_small":1,"minecraft:iron_leggings":2,"nzgmaddon:medium_bullet":64,"minecraft:phantom_membrane":3,"minecraft:iron_shovel":1,"minecraft:string":33,"minecraft:gold_ingot":22,"minecraft:bone":23,"nzgmaddon:double_barreled_shotgun":2,"cgm:pistol":1,"minecraft:green_terracotta":4,"minecraft:golden_chestplate":1,"minecraft:cobbled_deepslate":2,"minecraft:light_gray_terracotta":11,"minecraft:raw_iron":64,"minecraft:rotten_flesh":150,"minecraft:iron_boots":2,"minecraft:leather_chestplate":3,"cgm:basic_bullet":384,"minecraft:diamond_chestplate":1,"minecraft:iron_chestplate":3,"minecraft:birch_door":1,"minecraft:andesite":1,"minecraft:leather_boots":1,"minecraft:golden_leggings":1,"minecraft:oak_sapling":1,"minecraft:andesite_stairs":1,"minecraft:spider_eye":8,"minecraft:slime_ball":1,"minecraft:bow":3,"minecraft:iron_bars":5,"minecraft:arrow":22,"minecraft:quartz":1,"moguns:awp":2,"nzgmaddon:extended_barrel":1},"minecraft:broken":{"minecraft:iron_boots":3,"minecraft:iron_chestplate":2,"minecraft:iron_leggings":1,"minecraft:iron_helmet":1},"minecraft:killed_by":{"minecraft:player":23,"minecraft:creeper":1,"minecraft:enderman":3,"graveyard:acolyte":1,"minecraft:skeleton":6,"minecraft:zombie":39,"kevin_trophy:blister_zombie":1,"graveyard:corrupted_vindicator":1,"graveyard:revenant":2,"graveyard:wraith":10},"minecraft:crafted":{"minecraft:black_dye":9,"minecraft:coal":27,"minecraft:tripwire_hook":2,"minecraft:iron_nugget":99,"graveyard:dark_iron_ingot":9,"minecraft:bow":1,"minecraft:chest":2,"minecraft:coal_block":26,"minecraft:crafting_table":3,"minecraft:spruce_planks":4,"minecraft:copper_ingot":110,"minecraft:air":0,"minecraft:white_wool":26,"minecraft:gold_nugget":45,"minecraft:stick":52,"minecraft:torch":184},"minecraft:picked_up":{"minecraft:wooden_axe":1,"minecraft:birch_door":1,"minecraft:fishing_rod":1,"minecraft:iron_chestplate":3,"cgm:basic_bullet":112,"minecraft:redstone_block":5,"minecraft:iron_trapdoor":3,"nzgmaddon:hunting_rifle":1,"minecraft:brewing_stand":3,"minecraft:shield":1,"minecraft:amethyst_block":9,"nzgmaddon:ballistic_scope":1,"minecraft:polished_deepslate":3,"minecraft:string":85,"minecraft:iron_axe":3,"minecraft:raw_copper":110,"nzgmaddon:battle_rifle":1,"minecraft:iron_leggings":1,"minecraft:quartz_slab":1,"minecraft:iron_shovel":1,"graveyard:corruption":7,"moguns:micro_uzi":2,"minecraft:cracked_stone_bricks":5,"minecraft:deepslate_tiles":1,"minecraft:smooth_stone":2,"usefulbackpacks:backpack_small":1,"minecraft:cobbled_deepslate":2,"nzgmaddon:medium_bullet":796,"minecraft:spruce_planks":32,"minecraft:beef":7,"minecraft:andesite_stairs":1,"minecraft:iron_nugget":4,"minecraft:iron_pickaxe":2,"cgm:advanced_bullet":160,"minecraft:coal_block":10,"minecraft:phantom_membrane":6,"minecraft:iron_boots":1,"minecraft:furnace":3,"minecraft:raw_iron":19,"minecraft:stick":10,"minecraft:torch":21,"minecraft:quartz_pillar":2,"minecraft:carrot":159,"minecraft:redstone":1,"minecraft:golden_chestplate":2,"minecraft:green_terracotta":7,"minecraft:smooth_sandstone_slab":2,"minecraft:tnt":1,"minecraft:arrow":90,"minecraft:rotten_flesh":351,"k_turrets:raw_titanium":4,"minecraft:deepslate_bricks":1,"minecraft:cyan_terracotta":5,"minecraft:gold_ingot":7,"minecraft:white_terracotta":2,"minecraft:glow_berries":2,"minecraft:iron_bars":16,"minecraft:snowball":2,"minecraft:cobblestone":4,"minecraft:leather_chestplate":4,"minecraft:feather":6,"minecraft:iron_door":2,"nzgmaddon:bolt_action_rifle":2,"minecraft:andesite":1,"minecraft:leather":3,"minecraft:golden_leggings":1,"minecraft:potato":4,"minecraft:flint":1,"minecraft:oak_log":1,"jeg:scrap":13,"minecraft:golden_boots":3,"minecraft:gunpowder":104,"minecraft:dirt":1,"minecraft:lantern":3,"nzgmaddon:hunting_shotgun":2,"nzgmaddon:double_barreled_shotgun":2,"minecraft:leather_boots":1,"minecraft:bone":147,"minecraft:stone_bricks":21,"minecraft:bow":10,"minecraft:gray_terracotta":1,"minecraft:iron_ingot":59,"minecraft:cobweb":2,"moguns:awp":2,"minecraft:mossy_stone_bricks":1,"minecraft:powered_rail":6,"minecraft:oak_planks":8,"minecraft:flowering_azalea":1,"moguns:762x51":60,"graveyard:bone_dagger":1,"minecraft:quartz":1,"graveyard:dark_iron_block":1,"minecraft:amethyst_shard":4,"minecraft:spruce_sapling":1,"minecraft:ink_sac":9,"minecraft:white_bed":6,"minecraft:spruce_log":3,"minecraft:spider_eye":24,"minecraft:mossy_cobblestone":3,"nzgmaddon:extended_barrel":1,"cgm:shell":384,"cgm:pistol":3,"minecraft:light_gray_terracotta":36,"minecraft:slime_ball":5,"minecraft:diamond":1,"minecraft:slime_block":1,"minecraft:iron_helmet":3,"minecraft:golden_apple":2,"minecraft:chainmail_helmet":1,"minecraft:red_concrete":1,"minecraft:baked_potato":121,"minecraft:oak_sapling":1,"moguns:9x19":445,"minecraft:coal":5,"minecraft:ender_pearl":7},"minecraft:custom":{"minecraft:mob_kills":406,"minecraft:interact_with_crafting_table":12,"minecraft:open_barrel":176,"minecraft:damage_dealt_resisted":80,"minecraft:leave_game":2,"minecraft:time_since_death":20178,"minecraft:climb_one_cm":48431,"minecraft:sprint_one_cm":1076780,"minecraft:walk_one_cm":767236,"minecraft:drop":148,"minecraft:damage_dealt_absorbed":40,"minecraft:play_time":339009,"minecraft:sneak_time":12663,"minecraft:deaths":90,"minecraft:walk_under_water_one_cm":49050,"minecraft:interact_with_lectern":1,"minecraft:jump":3096,"minecraft:walk_on_water_one_cm":160048,"minecraft:total_world_time":339009,"minecraft:interact_with_furnace":19,"minecraft:tune_noteblock":5,"minecraft:sleep_in_bed":7,"minecraft:time_since_rest":20216,"minecraft:damage_taken":18945,"minecraft:damage_dealt":11676,"minecraft:swim_one_cm":174361,"minecraft:fly_one_cm":442140,"minecraft:player_kills":25,"minecraft:open_chest":198,"minecraft:crouch_one_cm":25117,"minecraft:fall_one_cm":66035,"minecraft:inspect_dispenser":1}},"DataVersion":3120}