{"stats":{"minecraft:dropped":{"cgm:pistol":1,"minecraft:cobbled_deepslate":2,"minecraft:glass_bottle":1,"minecraft:crafting_table":1,"minecraft:rotten_flesh":6,"jeg:scrap":2,"minecraft:chainmail_helmet":1,"minecraft:leather_chestplate":2,"minecraft:wooden_axe":2,"minecraft:andesite_stairs":1,"usefulbackpacks:backpack_small":1,"minecraft:spider_eye":6,"minecraft:arrow":22,"minecraft:bow":1,"minecraft:bone":4},"minecraft:crafted":{"minecraft:crafting_table":1,"minecraft:spruce_planks":4,"minecraft:bow":1},"minecraft:used":{"minecraft:mossy_stone_bricks":1,"minecraft:polished_deepslate":2,"minecraft:flint_and_steel":17,"cgm:pistol":652,"minecraft:oak_planks":12,"minecraft:baked_potato":3,"minecraft:spruce_planks":13,"minecraft:iron_sword":86,"minecraft:iron_chestplate":1,"minecraft:golden_apple":1,"minecraft:brewing_stand":1,"minecraft:dirt":1,"minecraft:light_gray_terracotta":8,"minecraft:snowball":2,"minecraft:oak_log":1,"minecraft:gray_terracotta":1,"minecraft:lantern":1,"minecraft:iron_axe":18,"minecraft:iron_pickaxe":37,"minecraft:iron_helmet":1,"minecraft:iron_boots":1,"minecraft:iron_door":1,"minecraft:stone_bricks":3,"minecraft:potion":1,"minecraft:bow":4,"minecraft:iron_trapdoor":1,"minecraft:furnace":2,"minecraft:smooth_stone":2,"minecraft:iron_leggings":1},"minecraft:killed_by":{"minecraft:player":7,"minecraft:skeleton":2,"minecraft:zombie":12},"minecraft:mined":{"minecraft:gray_terracotta":1,"jeg:scrap_ore":1,"minecraft:blue_stained_glass_pane":1,"minecraft:mossy_cobblestone":1,"minecraft:andesite_stairs":1,"minecraft:brewing_stand":1,"minecraft:light_gray_terracotta":8,"minecraft:grass_block":1,"minecraft:oak_planks":7,"minecraft:iron_door":1,"minecraft:spawner":6,"minecraft:large_fern":1,"minecraft:smooth_stone":2,"minecraft:furnace":2,"minecraft:iron_ore":2,"minecraft:fire":2,"minecraft:oak_log":1,"minecraft:iron_bars":1,"minecraft:lantern":1,"minecraft:cobweb":1,"minecraft:stone_bricks":4,"minecraft:mossy_stone_bricks":1,"minecraft:oak_leaves":1,"minecraft:iron_trapdoor":1},"minecraft:picked_up":{"minecraft:wooden_axe":1,"minecraft:fishing_rod":1,"minecraft:leather_chestplate":3,"cgm:basic_bullet":112,"minecraft:iron_chestplate":1,"minecraft:feather":4,"minecraft:iron_trapdoor":2,"minecraft:iron_door":1,"minecraft:potato":1,"minecraft:flint":1,"minecraft:oak_log":1,"jeg:scrap":4,"minecraft:brewing_stand":1,"minecraft:golden_boots":1,"minecraft:shield":1,"minecraft:gunpowder":44,"minecraft:polished_deepslate":2,"minecraft:dirt":1,"minecraft:string":36,"minecraft:lantern":1,"minecraft:iron_axe":3,"minecraft:iron_leggings":1,"minecraft:bone":87,"minecraft:stone_bricks":3,"minecraft:bow":7,"minecraft:gray_terracotta":1,"minecraft:cobbled_deepslate":2,"usefulbackpacks:backpack_small":1,"minecraft:smooth_stone":2,"minecraft:spruce_planks":2,"minecraft:andesite_stairs":1,"minecraft:iron_nugget":3,"minecraft:mossy_stone_bricks":1,"minecraft:iron_pickaxe":2,"minecraft:oak_planks":7,"minecraft:phantom_membrane":1,"minecraft:iron_boots":1,"minecraft:furnace":2,"minecraft:raw_iron":2,"minecraft:stick":8,"minecraft:spruce_log":1,"minecraft:spider_eye":18,"minecraft:mossy_cobblestone":2,"minecraft:light_gray_terracotta":8,"cgm:pistol":3,"minecraft:arrow":71,"minecraft:rotten_flesh":151,"minecraft:slime_ball":2,"minecraft:iron_helmet":1,"minecraft:golden_apple":2,"minecraft:chainmail_helmet":1,"minecraft:baked_potato":64,"minecraft:snowball":2,"minecraft:iron_bars":1,"minecraft:ender_pearl":1},"minecraft:custom":{"minecraft:interact_with_furnace":1,"minecraft:mob_kills":171,"minecraft:open_barrel":23,"minecraft:time_since_death":372,"minecraft:sleep_in_bed":4,"minecraft:climb_one_cm":30614,"minecraft:time_since_rest":398,"minecraft:sprint_one_cm":338748,"minecraft:damage_taken":4968,"minecraft:walk_one_cm":280757,"minecraft:drop":20,"minecraft:damage_dealt":4436,"minecraft:swim_one_cm":31289,"minecraft:fly_one_cm":80508,"minecraft:player_kills":11,"minecraft:open_chest":37,"minecraft:crouch_one_cm":10298,"minecraft:play_time":87983,"minecraft:deaths":22,"minecraft:sneak_time":5435,"minecraft:walk_under_water_one_cm":5446,"minecraft:jump":673,"minecraft:walk_on_water_one_cm":20692,"minecraft:total_world_time":87983,"minecraft:fall_one_cm":18593},"minecraft:killed":{"graveyard:skeleton_creeper":1,"graveyard:revenant":1,"minecraft:spider":13,"minecraft:creeper":8,"minecraft:skeleton":39,"minecraft:zombie":104}},"DataVersion":3120}