{"stats":{"minecraft:dropped":{"minecraft:iron_ingot":5,"cgm:pistol":1,"minecraft:cobbled_deepslate":2,"minecraft:glass_bottle":1,"minecraft:crafting_table":1,"minecraft:iron_helmet":1,"minecraft:rotten_flesh":39,"jeg:scrap":2,"minecraft:chainmail_helmet":1,"minecraft:cyan_terracotta":3,"minecraft:leather_chestplate":3,"minecraft:iron_chestplate":3,"minecraft:wooden_axe":2,"minecraft:andesite_stairs":1,"minecraft:iron_leggings":1,"usefulbackpacks:backpack_small":1,"minecraft:spider_eye":6,"minecraft:arrow":22,"minecraft:bow":1,"minecraft:iron_shovel":1,"nzgmaddon:extended_barrel":1,"minecraft:bone":10},"minecraft:crafted":{"minecraft:tripwire_hook":2,"minecraft:iron_nugget":99,"minecraft:crafting_table":1,"minecraft:spruce_planks":4,"minecraft:bow":1,"minecraft:torch":40},"minecraft:used":{"minecraft:mossy_stone_bricks":1,"minecraft:iron_bars":1,"minecraft:polished_deepslate":2,"minecraft:flint_and_steel":17,"cgm:pistol":712,"minecraft:oak_planks":17,"minecraft:baked_potato":3,"minecraft:spruce_planks":13,"minecraft:iron_sword":145,"minecraft:iron_chestplate":1,"minecraft:torch":37,"minecraft:golden_apple":1,"minecraft:brewing_stand":1,"minecraft:dirt":1,"minecraft:light_gray_terracotta":13,"minecraft:snowball":2,"minecraft:oak_log":1,"minecraft:gray_terracotta":1,"minecraft:lantern":1,"minecraft:iron_axe":21,"minecraft:iron_pickaxe":49,"minecraft:iron_helmet":1,"minecraft:iron_boots":2,"minecraft:iron_door":1,"moguns:micro_uzi":18,"minecraft:stone_bricks":3,"minecraft:potion":1,"minecraft:bow":4,"minecraft:iron_trapdoor":1,"minecraft:furnace":2,"minecraft:skeleton_skull":9,"minecraft:smooth_stone":2,"minecraft:iron_leggings":2},"minecraft:killed_by":{"minecraft:player":18,"minecraft:skeleton":3,"minecraft:zombie":18,"minecraft:enderman":3},"minecraft:broken":{"minecraft:iron_boots":1,"minecraft:iron_helmet":1,"minecraft:iron_chestplate":1},"minecraft:mined":{"minecraft:gray_terracotta":1,"jeg:scrap_ore":1,"minecraft:blue_stained_glass_pane":1,"minecraft:cyan_terracotta":3,"minecraft:mossy_cobblestone":1,"minecraft:andesite_stairs":1,"minecraft:brewing_stand":1,"minecraft:light_gray_terracotta":14,"minecraft:grass_block":1,"minecraft:spruce_leaves":1,"minecraft:oak_planks":10,"minecraft:iron_door":1,"minecraft:light_blue_stained_glass":1,"minecraft:spawner":7,"minecraft:large_fern":1,"minecraft:smooth_stone":2,"minecraft:furnace":2,"minecraft:iron_ore":2,"minecraft:fire":2,"minecraft:oak_log":1,"minecraft:iron_bars":2,"minecraft:lantern":1,"minecraft:cobweb":1,"minecraft:stone_bricks":4,"minecraft:mossy_stone_bricks":1,"minecraft:oak_leaves":1,"minecraft:iron_trapdoor":1},"minecraft:picked_up":{"minecraft:wooden_axe":1,"minecraft:fishing_rod":1,"minecraft:leather_chestplate":4,"cgm:basic_bullet":112,"minecraft:iron_chestplate":3,"minecraft:feather":4,"minecraft:iron_trapdoor":2,"minecraft:iron_door":1,"minecraft:potato":3,"minecraft:flint":1,"minecraft:oak_log":1,"jeg:scrap":4,"minecraft:brewing_stand":1,"minecraft:golden_boots":1,"minecraft:shield":1,"minecraft:gunpowder":48,"minecraft:polished_deepslate":2,"minecraft:dirt":1,"minecraft:string":40,"minecraft:lantern":2,"minecraft:iron_axe":3,"nzgmaddon:double_barreled_shotgun":1,"minecraft:iron_leggings":1,"minecraft:iron_shovel":1,"minecraft:bone":94,"minecraft:stone_bricks":3,"moguns:micro_uzi":1,"minecraft:bow":7,"minecraft:gray_terracotta":1,"minecraft:cobbled_deepslate":2,"usefulbackpacks:backpack_small":1,"minecraft:smooth_stone":2,"minecraft:spruce_planks":2,"minecraft:andesite_stairs":1,"minecraft:iron_nugget":3,"minecraft:mossy_stone_bricks":1,"minecraft:iron_pickaxe":2,"minecraft:oak_planks":8,"minecraft:phantom_membrane":1,"minecraft:iron_boots":1,"minecraft:furnace":2,"minecraft:raw_iron":2,"minecraft:stick":8,"minecraft:spruce_log":1,"minecraft:spider_eye":19,"minecraft:mossy_cobblestone":2,"nzgmaddon:extended_barrel":1,"minecraft:light_gray_terracotta":13,"cgm:pistol":3,"minecraft:arrow":73,"minecraft:rotten_flesh":182,"minecraft:slime_ball":3,"minecraft:iron_helmet":1,"minecraft:cyan_terracotta":3,"minecraft:golden_apple":2,"minecraft:chainmail_helmet":1,"minecraft:baked_potato":64,"moguns:9x19":336,"minecraft:snowball":2,"minecraft:iron_bars":2,"minecraft:ender_pearl":1},"minecraft:custom":{"minecraft:interact_with_furnace":1,"minecraft:mob_kills":191,"minecraft:interact_with_crafting_table":3,"minecraft:tune_noteblock":2,"minecraft:open_barrel":28,"minecraft:time_since_death":1283,"minecraft:sleep_in_bed":5,"minecraft:climb_one_cm":30646,"minecraft:time_since_rest":1317,"minecraft:sprint_one_cm":538773,"minecraft:damage_taken":8685,"minecraft:walk_one_cm":392496,"minecraft:drop":49,"minecraft:damage_dealt":7476,"minecraft:swim_one_cm":33144,"minecraft:fly_one_cm":111590,"minecraft:player_kills":15,"minecraft:open_chest":54,"minecraft:crouch_one_cm":11167,"minecraft:play_time":129983,"minecraft:deaths":45,"minecraft:sneak_time":5896,"minecraft:walk_under_water_one_cm":6232,"minecraft:jump":943,"minecraft:walk_on_water_one_cm":32518,"minecraft:total_world_time":129983,"minecraft:fall_one_cm":29004},"minecraft:killed":{"graveyard:skeleton_creeper":1,"graveyard:revenant":1,"minecraft:spider":15,"minecraft:creeper":8,"minecraft:skeleton":43,"minecraft:zombie":118}},"DataVersion":3120}