{"stats":{"minecraft:dropped":{"minecraft:iron_ingot":81,"minecraft:glass_bottle":1,"minecraft:crafting_table":1,"minecraft:iron_helmet":1,"minecraft:lantern":1,"moguns:micro_uzi":1,"jeg:scrap":2,"minecraft:chainmail_helmet":1,"minecraft:cyan_terracotta":3,"minecraft:wooden_axe":2,"usefulbackpacks:backpack_small":1,"minecraft:iron_leggings":1,"minecraft:phantom_membrane":2,"minecraft:iron_shovel":1,"minecraft:bone":12,"cgm:pistol":1,"minecraft:cobbled_deepslate":2,"minecraft:light_gray_terracotta":2,"minecraft:rotten_flesh":52,"minecraft:leather_chestplate":3,"minecraft:iron_chestplate":3,"minecraft:golden_leggings":1,"minecraft:andesite_stairs":1,"minecraft:spider_eye":6,"minecraft:arrow":22,"minecraft:bow":1,"minecraft:quartz":1,"nzgmaddon:extended_barrel":1},"minecraft:crafted":{"minecraft:black_dye":4,"minecraft:tripwire_hook":2,"minecraft:iron_nugget":99,"minecraft:bow":1,"minecraft:crafting_table":1,"minecraft:spruce_planks":4,"minecraft:copper_ingot":33,"minecraft:air":0,"minecraft:gold_nugget":45,"minecraft:torch":40},"minecraft:used":{"minecraft:iron_bars":2,"minecraft:polished_deepslate":2,"minecraft:flint_and_steel":21,"minecraft:spruce_planks":13,"minecraft:iron_sword":167,"minecraft:iron_chestplate":1,"minecraft:torch":42,"minecraft:brewing_stand":1,"minecraft:dirt":1,"nzgmaddon:double_barreled_shotgun":36,"minecraft:snowball":2,"minecraft:lantern":1,"minecraft:iron_axe":21,"minecraft:iron_helmet":1,"minecraft:iron_boots":2,"moguns:micro_uzi":214,"minecraft:stone_bricks":3,"minecraft:tripwire_hook":1,"minecraft:bow":4,"minecraft:iron_trapdoor":1,"minecraft:furnace":2,"minecraft:skeleton_skull":9,"minecraft:iron_leggings":2,"minecraft:mossy_stone_bricks":1,"cgm:pistol":735,"minecraft:baked_potato":4,"minecraft:oak_planks":17,"minecraft:golden_apple":1,"minecraft:light_gray_terracotta":19,"minecraft:oak_log":1,"minecraft:gray_terracotta":1,"minecraft:iron_pickaxe":49,"minecraft:iron_door":1,"minecraft:potion":1,"minecraft:smooth_stone":2},"minecraft:killed_by":{"minecraft:player":19,"minecraft:creeper":1,"minecraft:enderman":3,"minecraft:skeleton":3,"minecraft:zombie":18,"graveyard:revenant":1},"minecraft:broken":{"minecraft:iron_boots":1,"minecraft:iron_chestplate":1,"minecraft:iron_helmet":1},"minecraft:mined":{"minecraft:blue_stained_glass_pane":1,"minecraft:mossy_cobblestone":1,"minecraft:andesite_stairs":1,"minecraft:brewing_stand":1,"minecraft:grass_block":1,"minecraft:spruce_leaves":1,"minecraft:spawner":7,"minecraft:light_blue_stained_glass":1,"minecraft:large_fern":1,"minecraft:smooth_stone":2,"minecraft:furnace":2,"minecraft:iron_ore":2,"minecraft:fire":2,"minecraft:iron_bars":2,"minecraft:lantern":1,"minecraft:gray_terracotta":1,"jeg:scrap_ore":1,"minecraft:cyan_terracotta":3,"minecraft:light_gray_terracotta":14,"minecraft:oak_planks":10,"minecraft:iron_door":1,"minecraft:wall_torch":1,"minecraft:oak_log":1,"minecraft:cobweb":1,"minecraft:stone_bricks":4,"minecraft:mossy_stone_bricks":1,"minecraft:oak_leaves":1,"minecraft:iron_trapdoor":1},"minecraft:picked_up":{"minecraft:wooden_axe":1,"minecraft:fishing_rod":1,"minecraft:iron_chestplate":3,"cgm:basic_bullet":112,"minecraft:iron_trapdoor":2,"minecraft:brewing_stand":1,"minecraft:shield":1,"minecraft:polished_deepslate":2,"minecraft:string":42,"minecraft:iron_axe":3,"minecraft:raw_copper":33,"minecraft:iron_leggings":1,"minecraft:iron_shovel":1,"moguns:micro_uzi":2,"minecraft:smooth_stone":2,"usefulbackpacks:backpack_small":1,"minecraft:cobbled_deepslate":2,"minecraft:spruce_planks":2,"minecraft:andesite_stairs":1,"minecraft:iron_nugget":3,"minecraft:iron_pickaxe":2,"minecraft:phantom_membrane":3,"minecraft:furnace":2,"minecraft:iron_boots":1,"minecraft:stick":8,"minecraft:raw_iron":2,"minecraft:torch":2,"minecraft:arrow":75,"minecraft:rotten_flesh":209,"minecraft:cyan_terracotta":3,"minecraft:iron_bars":3,"minecraft:snowball":2,"minecraft:leather_chestplate":4,"minecraft:feather":4,"minecraft:iron_door":1,"minecraft:golden_leggings":1,"minecraft:potato":4,"minecraft:flint":1,"minecraft:oak_log":1,"jeg:scrap":4,"minecraft:golden_boots":1,"minecraft:gunpowder":50,"minecraft:dirt":1,"minecraft:lantern":3,"nzgmaddon:double_barreled_shotgun":1,"minecraft:bone":96,"minecraft:stone_bricks":3,"minecraft:gray_terracotta":1,"minecraft:bow":7,"minecraft:iron_ingot":38,"minecraft:mossy_stone_bricks":1,"minecraft:oak_planks":8,"minecraft:quartz":1,"minecraft:ink_sac":4,"minecraft:spruce_log":1,"minecraft:spider_eye":19,"minecraft:mossy_cobblestone":2,"nzgmaddon:extended_barrel":1,"cgm:shell":384,"cgm:pistol":3,"minecraft:light_gray_terracotta":21,"minecraft:slime_ball":3,"minecraft:iron_helmet":1,"minecraft:golden_apple":2,"minecraft:chainmail_helmet":1,"minecraft:baked_potato":64,"moguns:9x19":336,"minecraft:ender_pearl":2},"minecraft:custom":{"minecraft:mob_kills":224,"minecraft:interact_with_crafting_table":3,"minecraft:open_barrel":28,"minecraft:time_since_death":1002,"minecraft:climb_one_cm":30646,"minecraft:sprint_one_cm":589717,"minecraft:walk_one_cm":438529,"minecraft:drop":62,"minecraft:play_time":147983,"minecraft:deaths":48,"minecraft:sneak_time":6145,"minecraft:walk_under_water_one_cm":11630,"minecraft:jump":1113,"minecraft:walk_on_water_one_cm":34153,"minecraft:total_world_time":147983,"minecraft:interact_with_furnace":4,"minecraft:tune_noteblock":2,"minecraft:sleep_in_bed":5,"minecraft:time_since_rest":1040,"minecraft:damage_taken":9511,"minecraft:damage_dealt":8553,"minecraft:swim_one_cm":40705,"minecraft:fly_one_cm":135474,"minecraft:player_kills":19,"minecraft:open_chest":55,"minecraft:crouch_one_cm":12243,"minecraft:fall_one_cm":31606},"minecraft:killed":{"graveyard:skeleton_creeper":2,"graveyard:revenant":3,"minecraft:spider":16,"minecraft:skeleton":47,"minecraft:drowned":1,"minecraft:creeper":8,"minecraft:squid":3,"kevin_trophy:crawler_zombie":2,"minecraft:zombie":137}},"DataVersion":3120}