{"stats":{"minecraft:dropped":{"minecraft:spruce_sapling":1},"minecraft:used":{"immersive_paintings:glow_graffiti":1},"minecraft:killed_by":{"minecraft:zombie":1,"minecraft:pillager":1},"minecraft:mined":{"minecraft:hay_block":4,"minecraft:sweet_berry_bush":4,"minecraft:spruce_leaves":15,"minecraft:spruce_log":5,"minecraft:fern":1},"minecraft:picked_up":{"minecraft:sweet_berries":8,"immersive_paintings:glow_graffiti":2,"minecraft:wheat_seeds":1,"minecraft:hay_block":3,"minecraft:spruce_sign":1,"minecraft:spruce_sapling":1,"minecraft:spruce_log":5},"minecraft:custom":{"minecraft:time_since_rest":5803,"minecraft:open_chest":8,"minecraft:crouch_one_cm":1236,"minecraft:play_time":14358,"minecraft:sprint_one_cm":30420,"minecraft:walk_one_cm":31513,"minecraft:damage_taken":205,"minecraft:deaths":2,"minecraft:sneak_time":424,"minecraft:drop":1,"minecraft:jump":91,"minecraft:damage_dealt":9,"minecraft:time_since_death":5766,"minecraft:total_world_time":14358,"minecraft:climb_one_cm":264,"minecraft:fall_one_cm":4098,"minecraft:fly_one_cm":15661}},"DataVersion":3120}