{"stats":{"minecraft:custom":{"minecraft:time_since_rest":21028,"minecraft:sprint_one_cm":12495,"minecraft:walk_one_cm":59374,"minecraft:trigger_trapped_chest":2,"minecraft:mob_kills":39,"minecraft:fly_one_cm":136397,"minecraft:open_chest":5,"minecraft:crouch_one_cm":975,"minecraft:play_time":61206,"minecraft:deaths":2,"minecraft:sneak_time":491,"minecraft:jump":71,"minecraft:walk_on_water_one_cm":9,"minecraft:time_since_death":21000,"minecraft:climb_one_cm":49,"minecraft:total_world_time":61206},"minecraft:killed":{"minecraft:skeleton":35,"minecraft:zombie":3,"minecraft:creeper":1},"minecraft:picked_up":{"minecraft:bone":34,"minecraft:iron_shovel":1,"minecraft:arrow":17,"minecraft:rotten_flesh":1,"minecraft:bow":3},"minecraft:used":{"nzgmaddon:submachine_gun":391,"minecraft:gray_terracotta":10,"minecraft:water_bucket":1,"bakery:apple_jam":1,"bakery:sweetberry_jam":3,"minecraft:quartz_block":1,"farmersdelight:stove":2,"minecraft:spruce_trapdoor":6,"bakery:crusty_bread":1,"ironchest:trapped_dirt_chest":1,"ironchest:trapped_obsidian_chest":1,"minecraft:stone_brick_stairs":1,"minecraft:farmland":27,"minecraft:torch":13,"farmersdelight:basket":1,"jeg:gunmetal_workbench":1,"minecraft:dirt":2,"farmersdelight:cutting_board":1,"ironchest:diamond_chest":1,"minecraft:crafting_table":1,"farmersdelight:cooking_pot":1,"ironchest:iron_chest":1,"bakery:baker_station":1,"cfm:birch_table":1,"bakery:cabinet":1,"jeg:custom_smg":67,"bakery:cobblestone_stove":1,"ironchest:crystal_chest":1,"cfm:spruce_table":2,"minecraft:splash_potion":4,"bakery:sweetberry_cake":1}},"DataVersion":3120}