{"stats":{"minecraft:custom":{"minecraft:time_since_rest":10533,"minecraft:sprint_one_cm":19919,"minecraft:damage_taken":360,"minecraft:walk_one_cm":101685,"minecraft:trigger_trapped_chest":2,"minecraft:mob_kills":40,"minecraft:damage_dealt":200,"minecraft:fly_one_cm":137555,"minecraft:open_chest":5,"minecraft:crouch_one_cm":1204,"minecraft:play_time":91206,"minecraft:deaths":4,"minecraft:sneak_time":598,"minecraft:jump":98,"minecraft:walk_on_water_one_cm":9,"minecraft:time_since_death":10506,"minecraft:climb_one_cm":1149,"minecraft:total_world_time":91206},"minecraft:crafted":{"minecraft:air":0},"minecraft:killed":{"minecraft:skeleton":35,"minecraft:zombie":4,"minecraft:creeper":1},"minecraft:killed_by":{"minecraft:zombie":1},"minecraft:picked_up":{"farmersdelight:tomato":3,"minecraft:bone":34,"minecraft:iron_shovel":1,"minecraft:arrow":17,"minecraft:rotten_flesh":1,"minecraft:bow":3,"minecraft:glass_bottle":2},"minecraft:used":{"minecraft:glass":4,"minecraft:wheat_seeds":4,"nzgmaddon:submachine_gun":447,"minecraft:gray_terracotta":10,"minecraft:water_bucket":1,"bakery:apple_jam":1,"cgm:machine_pistol":13,"cgm:pistol":31,"farmersdelight:yellow_canvas_sign":1,"bakery:sweetberry_jam":3,"farmersdelight:cabbage_seeds":4,"minecraft:quartz_block":1,"minecraft:chest":2,"farmersdelight:stove":2,"minecraft:zombie_spawn_egg":1,"minecraft:spruce_trapdoor":12,"bakery:crusty_bread":1,"cgm:assault_rifle":8,"farmersdelight:glow_berry_custard":2,"ironchest:trapped_dirt_chest":1,"ironchest:trapped_obsidian_chest":1,"minecraft:stone_brick_stairs":1,"minecraft:farmland":27,"minecraft:torch":13,"farmersdelight:basket":1,"jeg:gunmetal_workbench":1,"minecraft:dirt":2,"farmersdelight:cutting_board":1,"ironchest:diamond_chest":1,"farmersdelight:flint_knife":10,"minecraft:crafting_table":1,"cgm:rifle":5,"minecraft:beetroot_seeds":4,"farmersdelight:cooking_pot":3,"minecraft:carrot":4,"minecraft:potato":4,"ironchest:iron_chest":1,"bakery:baker_station":1,"cfm:birch_table":1,"farmersdelight:tomato_seeds":4,"bakery:cabinet":1,"jeg:custom_smg":67,"bakery:cobblestone_stove":1,"ironchest:crystal_chest":1,"cfm:spruce_table":2,"minecraft:bone_meal":73,"minecraft:splash_potion":6,"bakery:sweetberry_cake":1}},"DataVersion":3120}