{"stats":{"minecraft:custom":{"minecraft:time_since_rest":3028,"minecraft:open_chest":5,"minecraft:deaths":2,"minecraft:crouch_one_cm":975,"minecraft:play_time":43206,"minecraft:sprint_one_cm":12495,"minecraft:walk_one_cm":55065,"minecraft:sneak_time":479,"minecraft:trigger_trapped_chest":2,"minecraft:mob_kills":39,"minecraft:jump":66,"minecraft:time_since_death":3000,"minecraft:total_world_time":43206,"minecraft:climb_one_cm":49,"minecraft:fly_one_cm":136397},"minecraft:killed":{"minecraft:skeleton":35,"minecraft:zombie":3,"minecraft:creeper":1},"minecraft:picked_up":{"minecraft:iron_shovel":1,"minecraft:rotten_flesh":1,"minecraft:arrow":17,"minecraft:bone":34,"minecraft:bow":3},"minecraft:used":{"minecraft:gray_terracotta":10,"minecraft:dirt":2,"nzgmaddon:submachine_gun":391,"jeg:gunmetal_workbench":1,"farmersdelight:basket":1,"ironchest:diamond_chest":1,"farmersdelight:cooking_pot":1,"minecraft:quartz_block":1,"ironchest:iron_chest":1,"farmersdelight:stove":2,"minecraft:spruce_trapdoor":6,"jeg:custom_smg":67,"ironchest:crystal_chest":1,"bakery:cobblestone_stove":1,"minecraft:splash_potion":4,"minecraft:stone_brick_stairs":1,"minecraft:torch":13,"ironchest:trapped_dirt_chest":1,"ironchest:trapped_obsidian_chest":1}},"DataVersion":3120}