{"stats":{"minecraft:crafted":{"thirst:terracotta_bowl":1,"minecraft:air":0},"minecraft:picked_up":{"minecraft:potion":12,"farmersdelight:tomato":3,"minecraft:bone":34,"minecraft:iron_shovel":1,"minecraft:arrow":17,"minecraft:rotten_flesh":1,"minecraft:bow":3,"minecraft:glass_bottle":2},"minecraft:killed":{"minecraft:skeleton":35,"minecraft:zombie":4,"minecraft:creeper":1},"minecraft:used":{"bakery:apple_jam":1,"minecraft:glass":15,"nzgmaddon:submachine_gun":601,"minecraft:wheat_seeds":4,"minecraft:gray_terracotta":10,"minecraft:water_bucket":1,"securitycraft:display_case":1,"cold_sweat:hearth":1,"cgm:machine_pistol":13,"minecraft:flint_and_steel":2,"cgm:pistol":50,"farmersdelight:yellow_canvas_sign":1,"bakery:sweetberry_jam":3,"farmersdelight:cabbage_seeds":4,"minecraft:quartz_block":1,"minecraft:chest":2,"farmersdelight:stove":2,"minecraft:spruce_trapdoor":12,"minecraft:zombie_spawn_egg":1,"cold_sweat:boiler":1,"bakery:crusty_bread":1,"cgm:assault_rifle":8,"ironchest:trapped_dirt_chest":1,"farmersdelight:glow_berry_custard":2,"ironchest:trapped_obsidian_chest":1,"minecraft:stone_brick_stairs":1,"minecraft:farmland":27,"minecraft:dirt":2,"minecraft:torch":13,"jeg:gunmetal_workbench":1,"farmersdelight:basket":1,"farmersdelight:cutting_board":1,"ironchest:diamond_chest":1,"farmersdelight:flint_knife":10,"minecraft:tnt":2,"minecraft:crafting_table":1,"bakery:baker_station":1,"minecraft:furnace":1,"securitycraft:reinforced_glass":11,"minecraft:beetroot_seeds":4,"minecraft:campfire":1,"farmersdelight:tomato_seeds":4,"farmersdelight:cooking_pot":3,"minecraft:carrot":4,"bakery:cobblestone_stove":1,"minecraft:potato":4,"ironchest:iron_chest":1,"cfm:birch_table":1,"jeg:custom_smg":67,"cgm:rifle":5,"cfm:spruce_table":2,"ironchest:crystal_chest":1,"bakery:cabinet":1,"minecraft:bone_meal":73,"minecraft:splash_potion":6,"thirst:terracotta_water_bowl":1,"bakery:sweetberry_cake":1},"minecraft:custom":{"minecraft:time_since_rest":17780,"minecraft:interact_with_furnace":5,"minecraft:sprint_one_cm":24471,"minecraft:damage_taken":360,"minecraft:walk_one_cm":128991,"minecraft:trigger_trapped_chest":2,"minecraft:mob_kills":40,"minecraft:damage_dealt":200,"minecraft:interact_with_crafting_table":1,"minecraft:fly_one_cm":143206,"minecraft:open_chest":6,"minecraft:walk_under_water_one_cm":487,"minecraft:crouch_one_cm":1236,"minecraft:play_time":110896,"minecraft:interact_with_campfire":12,"minecraft:deaths":5,"minecraft:sneak_time":733,"minecraft:jump":124,"minecraft:leave_game":2,"minecraft:walk_on_water_one_cm":538,"minecraft:time_since_death":17760,"minecraft:climb_one_cm":2380,"minecraft:total_world_time":110896},"minecraft:killed_by":{"minecraft:zombie":1}},"DataVersion":3120}