{"stats":{"minecraft:crafted":{"minecraft:air":0},"minecraft:picked_up":{"minecraft:fishing_rod":1,"minecraft:charcoal":2,"minecraft:chicken":1,"minecraft:potion":15,"minecraft:cobblestone_wall":1,"minecraft:gunpowder":23,"minecraft:dirt":25,"minecraft:blue_bed":2,"minecraft:string":2,"cgm:grenade_launcher":1,"minecraft:bone":24,"graveyard:corruption":1,"minecraft:stone_bricks":1,"minecraft:gray_terracotta":32,"minecraft:iron_nugget":2,"minecraft:glass_bottle":3,"cgm:bazooka":6,"minecraft:phantom_membrane":1,"minecraft:furnace":1,"minecraft:torch":4,"minecraft:gravel":1,"minecraft:fermented_spider_eye":7,"minecraft:spider_eye":2,"minecraft:quartz_block":10,"minecraft:arrow":9,"minecraft:rotten_flesh":54,"minecraft:mutton":6,"minecraft:snowball":28,"minecraft:white_wool":4,"minecraft:cobblestone":1,"minecraft:ender_pearl":2},"minecraft:killed":{"jeg:ghoul":2,"graveyard:ghoul":1,"graveyard:skeleton_creeper":5,"man:managgresive":1,"graveyard:revenant":3,"minecraft:spider":14,"minecraft:creeper":15,"minecraft:skeleton":3,"kevin_trophy:blister_zombie":13,"kevin_trophy:crawler_zombie":1,"minecraft:zombie":56,"minecraft:chicken":1,"kevin_trophy:zombie_brute":1},"minecraft:used":{"nzgmaddon:submachine_gun":656,"minecraft:netherite_sword":20,"minecraft:glass_bottle":2,"cgm:pistol":152,"minecraft:chest":2,"minecraft:stone":6,"minecraft:zombie_spawn_egg":45,"minecraft:blue_bed":4,"minecraft:oak_leaves":1,"minecraft:torch":56,"jeg:gunmetal_workbench":1,"minecraft:dirt":18,"cgm:workbench":2,"minecraft:crafting_table":4,"jeg:gunnite_workbench":1,"minecraft:cobblestone_wall":6,"minecraft:light_gray_terracotta":1,"minecraft:campfire":4,"jeg:custom_smg":729,"kevin_trophy:zombie_brute_spawn_egg":2,"minecraft:snowball":1,"cfm:oak_chair":2,"minecraft:creeper_spawn_egg":17,"minecraft:glass":12,"minecraft:gray_terracotta":172,"minecraft:cyan_terracotta":5,"minecraft:lava_bucket":15,"kevin_trophy:blister_zombie_spawn_egg":13,"minecraft:grass_block":128,"minecraft:quartz_block":26,"minecraft:iron_pickaxe":5,"cgm:grenade":3,"graveyard:skeleton_creeper_spawn_egg":13,"minecraft:spruce_trapdoor":19,"securitycraft:reinforced_smooth_red_sandstone_slab":7,"farmersdelight:glow_berry_custard":3,"cgm:grenade_launcher":1,"minecraft:stone_brick_stairs":5,"minecraft:stone_bricks":5,"jeg:scrap_workbench":2,"minecraft:cobblestone":44,"minecraft:potion":2,"minecraft:furnace":2,"jeg:revolver":13,"farmersdelight:cooking_pot":1,"minecraft:chain":6,"jeg:semi_auto_rifle":4,"minecraft:smooth_stone_slab":2,"minecraft:splash_potion":37,"minecraft:cobweb":6},"minecraft:dropped":{"cgm:grenade_launcher":1,"minecraft:gunpowder":2,"cgm:bazooka":8},"minecraft:custom":{"minecraft:mob_kills":116,"minecraft:interact_with_crafting_table":2,"minecraft:interact_with_campfire":15,"minecraft:leave_game":13,"minecraft:time_since_death":10613,"minecraft:sleep_in_bed":2,"minecraft:climb_one_cm":18302,"minecraft:time_since_rest":10626,"minecraft:sprint_one_cm":274345,"minecraft:damage_taken":4726,"minecraft:walk_one_cm":713408,"minecraft:drop":11,"minecraft:damage_dealt":1108,"minecraft:swim_one_cm":3533,"minecraft:fly_one_cm":700021,"minecraft:open_chest":7,"minecraft:crouch_one_cm":11712,"minecraft:play_time":530371,"minecraft:deaths":13,"minecraft:sneak_time":5937,"minecraft:walk_under_water_one_cm":1852,"minecraft:jump":1817,"minecraft:walk_on_water_one_cm":2305,"minecraft:total_world_time":532222,"minecraft:fall_one_cm":22496},"minecraft:killed_by":{"man:managgresive":1,"minecraft:player":1,"minecraft:creeper":3,"minecraft:zombie":2,"graveyard:skeleton_creeper":1},"minecraft:broken":{"minecraft:iron_boots":1,"minecraft:iron_chestplate":1,"minecraft:iron_leggings":1},"minecraft:mined":{"minecraft:gray_terracotta":5,"minecraft:torch":1,"minecraft:packed_ice":1}},"DataVersion":3120}