{"stats":{"minecraft:crafted":{"minecraft:air":0},"minecraft:killed":{"kevin_trophy:blister_zombie":13,"minecraft:zombie":21,"graveyard:skeleton_creeper":2,"graveyard:revenant":2,"minecraft:spider":6,"kevin_trophy:zombie_brute":1,"minecraft:creeper":3},"minecraft:picked_up":{"minecraft:potion":15,"minecraft:gunpowder":4,"minecraft:fermented_spider_eye":7,"minecraft:spider_eye":1,"minecraft:rotten_flesh":4,"minecraft:glass_bottle":1,"minecraft:mutton":6,"minecraft:white_wool":4},"minecraft:custom":{"minecraft:time_since_rest":500,"minecraft:sprint_one_cm":159772,"minecraft:damage_taken":1981,"minecraft:walk_one_cm":325443,"minecraft:mob_kills":48,"minecraft:drop":2,"minecraft:damage_dealt":974,"minecraft:interact_with_crafting_table":2,"minecraft:fly_one_cm":470600,"minecraft:open_chest":3,"minecraft:crouch_one_cm":3965,"minecraft:play_time":433828,"minecraft:interact_with_campfire":15,"minecraft:deaths":6,"minecraft:sneak_time":2328,"minecraft:walk_under_water_one_cm":1200,"minecraft:jump":1245,"minecraft:leave_game":12,"minecraft:walk_on_water_one_cm":1115,"minecraft:time_since_death":5632,"minecraft:climb_one_cm":13159,"minecraft:sleep_in_bed":2,"minecraft:total_world_time":435679,"minecraft:fall_one_cm":14264},"minecraft:killed_by":{"man:managgresive":1,"minecraft:zombie":1},"minecraft:dropped":{"minecraft:gunpowder":2},"minecraft:used":{"nzgmaddon:submachine_gun":214,"minecraft:gray_terracotta":21,"minecraft:netherite_sword":20,"minecraft:cyan_terracotta":5,"minecraft:lava_bucket":15,"kevin_trophy:blister_zombie_spawn_egg":13,"cgm:pistol":93,"minecraft:glass_bottle":2,"minecraft:grass_block":1,"cgm:grenade":3,"minecraft:stone":6,"minecraft:spruce_trapdoor":15,"minecraft:zombie_spawn_egg":5,"securitycraft:reinforced_smooth_red_sandstone_slab":7,"minecraft:blue_bed":1,"farmersdelight:glow_berry_custard":1,"minecraft:stone_brick_stairs":5,"jeg:scrap_workbench":1,"minecraft:torch":17,"jeg:gunmetal_workbench":1,"minecraft:dirt":1,"minecraft:potion":2,"cgm:workbench":1,"minecraft:crafting_table":1,"jeg:gunnite_workbench":1,"jeg:revolver":13,"farmersdelight:cooking_pot":1,"minecraft:light_gray_terracotta":1,"kevin_trophy:zombie_brute_spawn_egg":1,"jeg:semi_auto_rifle":4,"minecraft:smooth_stone_slab":2,"jeg:custom_smg":432,"minecraft:splash_potion":12}},"DataVersion":3120}