{"stats":{"minecraft:dropped":{"immersive_paintings:painting":5,"immersive_paintings:graffiti":6,"moguns:micro_uzi":1,"minecraft:chainmail_helmet":1,"minecraft:golden_apple":2,"jeg:custom_smg":2,"moguns:9x19":16,"usefulbackpacks:backpack_small":1,"minecraft:phantom_membrane":2,"minecraft:string":6,"minecraft:bone":18,"cgm:pistol":4,"minecraft:cobbled_deepslate":2,"minecraft:rotten_flesh":26,"cgm:grenade_launcher":6,"minecraft:gunpowder":9,"cgm:bazooka":15,"minecraft:spider_eye":18,"minecraft:arrow":9},"minecraft:crafted":{"minecraft:air":0},"minecraft:used":{"minecraft:netherite_sword":20,"minecraft:iron_bars":1,"securitycraft:reinforced_light_gray_terracotta":397,"minecraft:chest":14,"minecraft:stone":6,"minecraft:iron_sword":1,"minecraft:zombie_spawn_egg":152,"securitycraft:security_camera":1,"nzgmaddon:rapid_smg":6,"securitycraft:reinforced_exposed_cut_copper_slab":1,"minecraft:torch":84,"minecraft:dirt":95,"cgm:workbench":4,"jeg:gunnite_workbench":1,"securitycraft:keypad_item":3,"minecraft:cobblestone_wall":6,"jeg:custom_smg":1633,"minecraft:snowball":1,"minecraft:light_blue_stained_glass":2,"jeg:grenade":2,"securitycraft:keycard_reader":1,"minecraft:glass":24,"securitycraft:camera_monitor":1,"minecraft:cyan_terracotta":29,"minecraft:lava_bucket":15,"immersive_paintings:painting":5,"minecraft:grass_block":281,"minecraft:lantern":23,"minecraft:iron_axe":31,"minecraft:quartz_block":36,"securitycraft:reinforced_smooth_red_sandstone_slab":7,"immersive_paintings:glow_graffiti":24,"farmersdelight:glow_berry_custard":3,"minecraft:stone_brick_stairs":15,"minecraft:stone_bricks":59,"cgm:grenade_launcher":1,"minecraft:furnace":3,"jeg:revolver":13,"farmersdelight:cooking_pot":1,"jeg:semi_auto_rifle":4,"nzgmaddon:submachine_gun":1683,"minecraft:water_bucket":18,"minecraft:glass_bottle":2,"cgm:pistol":652,"minecraft:baked_potato":4,"securitycraft:keypad_frame":1,"minecraft:blue_bed":5,"minecraft:oak_leaves":1,"moguns:trashcan":16,"minecraft:golden_apple":1,"jeg:gunmetal_workbench":1,"minecraft:crafting_table":5,"minecraft:light_gray_terracotta":20,"immersive_paintings:glow_painting":21,"minecraft:white_bed":10,"minecraft:campfire":6,"cgm:bazooka":4,"kevin_trophy:zombie_brute_spawn_egg":2,"immersive_paintings:graffiti":16,"cfm:oak_chair":2,"minecraft:creeper_spawn_egg":76,"minecraft:gray_terracotta":555,"securitycraft:reinforced_grass_block":20,"kevin_trophy:blister_zombie_spawn_egg":13,"minecraft:gray_stained_glass_pane":57,"minecraft:iron_pickaxe":14,"minecraft:stone_button":1,"cgm:grenade":15,"graveyard:skeleton_creeper_spawn_egg":20,"minecraft:spruce_trapdoor":39,"minecraft:iron_door":1,"jeg:scrap_workbench":2,"minecraft:cobblestone":59,"minecraft:potion":3,"minecraft:white_stained_glass":145,"minecraft:bucket":7,"minecraft:chain":6,"minecraft:smooth_stone_slab":13,"cgm:mini_gun":246,"minecraft:splash_potion":127,"minecraft:cobweb":6,"minecraft:gray_stained_glass":20},"minecraft:killed_by":{"minecraft:player":26,"minecraft:creeper":5,"graveyard:skeleton_creeper":1,"kevin_trophy:crawler_zombie":1,"man:managgresive":2,"minecraft:skeleton":6,"minecraft:zombie":9},"minecraft:broken":{"minecraft:iron_boots":3,"minecraft:iron_chestplate":3,"minecraft:iron_leggings":2,"minecraft:iron_helmet":2},"minecraft:mined":{"minecraft:white_bed":2,"minecraft:spruce_leaves":7,"minecraft:large_fern":2,"minecraft:packed_ice":1,"minecraft:gray_terracotta":7,"minecraft:torch":1,"minecraft:spruce_log":17,"minecraft:stone_brick_stairs":1,"minecraft:cobweb":1,"minecraft:iron_trapdoor":1},"minecraft:picked_up":{"minecraft:fishing_rod":1,"minecraft:charcoal":2,"minecraft:crafting_table":1,"minecraft:chicken":1,"minecraft:potion":15,"minecraft:stone_brick_stairs":2,"minecraft:shield":1,"minecraft:string":21,"minecraft:netherite_scrap":1,"minecraft:zombie_head":2,"graveyard:corruption":2,"moguns:micro_uzi":1,"usefulbackpacks:backpack_small":1,"minecraft:cobbled_deepslate":2,"minecraft:iron_nugget":2,"immersive_paintings:glow_painting":16,"cgm:bazooka":14,"minecraft:phantom_membrane":4,"minecraft:furnace":1,"minecraft:copper_ingot":1,"minecraft:torch":13,"minecraft:carrot":1,"minecraft:quartz_block":14,"minecraft:arrow":65,"minecraft:rotten_flesh":285,"minecraft:mutton":6,"minecraft:iron_bars":14,"minecraft:snowball":42,"minecraft:white_wool":4,"minecraft:cobblestone":13,"minecraft:andesite":1,"minecraft:potato":3,"minecraft:gunpowder":106,"minecraft:cobblestone_wall":1,"minecraft:blue_bed":3,"minecraft:dirt":99,"minecraft:lantern":6,"cgm:grenade_launcher":5,"minecraft:bone":123,"minecraft:stone_bricks":5,"minecraft:bow":7,"minecraft:gray_terracotta":84,"minecraft:iron_ingot":5,"minecraft:mossy_stone_bricks":1,"minecraft:glass_bottle":3,"minecraft:iron_sword":1,"immersive_paintings:glow_graffiti":17,"moguns:trashcan":1,"minecraft:gravel":1,"minecraft:white_bed":2,"minecraft:spruce_log":16,"minecraft:fermented_spider_eye":7,"minecraft:spider_eye":26,"nzgmaddon:extended_barrel":1,"cgm:pistol":4,"minecraft:light_gray_terracotta":3,"minecraft:slime_ball":1,"jeg:custom_smg":2,"minecraft:chainmail_helmet":1,"moguns:9x19":16,"cgm:workbench":1,"minecraft:ender_pearl":5},"minecraft:custom":{"minecraft:mob_kills":403,"minecraft:interact_with_crafting_table":2,"minecraft:open_barrel":3,"minecraft:interact_with_campfire":15,"minecraft:leave_game":26,"minecraft:time_since_death":9691,"minecraft:climb_one_cm":31981,"minecraft:sprint_one_cm":953065,"minecraft:walk_one_cm":1738244,"minecraft:drop":96,"minecraft:play_time":1132894,"minecraft:deaths":66,"minecraft:sneak_time":17644,"minecraft:walk_under_water_one_cm":13725,"minecraft:jump":3575,"minecraft:walk_on_water_one_cm":40260,"minecraft:total_world_time":1134745,"minecraft:sleep_in_bed":5,"minecraft:time_since_rest":9752,"minecraft:damage_taken":16722,"minecraft:damage_dealt":1469,"minecraft:swim_one_cm":22439,"minecraft:fly_one_cm":1750749,"minecraft:player_kills":20,"minecraft:open_chest":76,"minecraft:crouch_one_cm":44489,"minecraft:fall_one_cm":60378},"minecraft:killed":{"graveyard:skeleton_creeper":13,"graveyard:revenant":3,"minecraft:spider":24,"minecraft:skeleton":62,"minecraft:chicken":1,"minecraft:drowned":3,"jeg:ghoul":2,"graveyard:ghoul":1,"man:managgresive":2,"minecraft:creeper":43,"kevin_trophy:blister_zombie":13,"kevin_trophy:crawler_zombie":2,"minecraft:zombie":203,"kevin_trophy:zombie_brute":2}},"DataVersion":3120}