{"stats":{"minecraft:crafted":{"minecraft:air":0},"minecraft:killed":{"kevin_trophy:blister_zombie":13,"minecraft:zombie":26,"graveyard:ghoul":1,"graveyard:skeleton_creeper":2,"graveyard:revenant":2,"minecraft:spider":9,"kevin_trophy:zombie_brute":1,"minecraft:creeper":3},"minecraft:picked_up":{"minecraft:torch":1,"minecraft:potion":15,"minecraft:gunpowder":5,"minecraft:fermented_spider_eye":7,"minecraft:spider_eye":1,"minecraft:string":1,"minecraft:rotten_flesh":12,"minecraft:iron_nugget":2,"minecraft:glass_bottle":1,"minecraft:mutton":6,"minecraft:white_wool":4},"minecraft:custom":{"minecraft:time_since_rest":12500,"minecraft:sprint_one_cm":170411,"minecraft:damage_taken":2274,"minecraft:walk_one_cm":402146,"minecraft:mob_kills":57,"minecraft:drop":2,"minecraft:damage_dealt":974,"minecraft:swim_one_cm":3533,"minecraft:interact_with_crafting_table":2,"minecraft:fly_one_cm":574910,"minecraft:open_chest":3,"minecraft:crouch_one_cm":3975,"minecraft:play_time":445828,"minecraft:interact_with_campfire":15,"minecraft:deaths":6,"minecraft:sneak_time":2414,"minecraft:walk_under_water_one_cm":1852,"minecraft:jump":1350,"minecraft:leave_game":12,"minecraft:walk_on_water_one_cm":2305,"minecraft:time_since_death":17632,"minecraft:climb_one_cm":13851,"minecraft:sleep_in_bed":2,"minecraft:total_world_time":447679,"minecraft:fall_one_cm":15553},"minecraft:killed_by":{"man:managgresive":1,"minecraft:zombie":1},"minecraft:dropped":{"minecraft:gunpowder":2},"minecraft:used":{"nzgmaddon:submachine_gun":293,"minecraft:gray_terracotta":33,"minecraft:netherite_sword":20,"minecraft:cyan_terracotta":5,"minecraft:lava_bucket":15,"kevin_trophy:blister_zombie_spawn_egg":13,"cgm:pistol":108,"minecraft:glass_bottle":2,"minecraft:grass_block":1,"cgm:grenade":3,"minecraft:stone":6,"minecraft:spruce_trapdoor":15,"minecraft:zombie_spawn_egg":5,"securitycraft:reinforced_smooth_red_sandstone_slab":7,"minecraft:blue_bed":1,"farmersdelight:glow_berry_custard":1,"minecraft:stone_brick_stairs":5,"jeg:scrap_workbench":1,"minecraft:torch":20,"jeg:gunmetal_workbench":1,"minecraft:dirt":1,"minecraft:potion":2,"cgm:workbench":1,"minecraft:crafting_table":1,"jeg:gunnite_workbench":1,"jeg:revolver":13,"farmersdelight:cooking_pot":1,"minecraft:light_gray_terracotta":1,"kevin_trophy:zombie_brute_spawn_egg":1,"jeg:semi_auto_rifle":4,"minecraft:smooth_stone_slab":2,"jeg:custom_smg":432,"minecraft:splash_potion":21,"minecraft:cobweb":6},"minecraft:mined":{"minecraft:torch":1,"minecraft:packed_ice":1}},"DataVersion":3120}