{"stats":{"minecraft:killed":{"jeg:ghoul":2,"graveyard:ghoul":1,"graveyard:skeleton_creeper":12,"man:managgresive":2,"graveyard:revenant":3,"minecraft:spider":14,"minecraft:creeper":43,"kevin_trophy:blister_zombie":13,"minecraft:skeleton":34,"kevin_trophy:crawler_zombie":2,"minecraft:zombie":110,"minecraft:chicken":1,"minecraft:drowned":3,"kevin_trophy:zombie_brute":1},"minecraft:dropped":{"minecraft:rotten_flesh":1,"cgm:grenade_launcher":6,"minecraft:gunpowder":3,"cgm:bazooka":15},"minecraft:killed_by":{"man:managgresive":1,"minecraft:player":2,"minecraft:skeleton":4,"minecraft:creeper":5,"minecraft:zombie":4,"graveyard:skeleton_creeper":1,"kevin_trophy:crawler_zombie":1},"minecraft:crafted":{"minecraft:air":0},"minecraft:custom":{"minecraft:mob_kills":265,"minecraft:interact_with_crafting_table":2,"minecraft:interact_with_campfire":15,"minecraft:leave_game":17,"minecraft:time_since_death":5738,"minecraft:sleep_in_bed":2,"minecraft:climb_one_cm":21765,"minecraft:time_since_rest":5848,"minecraft:sprint_one_cm":660906,"minecraft:damage_taken":8593,"minecraft:walk_one_cm":1137555,"minecraft:drop":25,"minecraft:damage_dealt":1273,"minecraft:swim_one_cm":3533,"minecraft:fly_one_cm":1614996,"minecraft:open_chest":26,"minecraft:crouch_one_cm":30269,"minecraft:play_time":779794,"minecraft:deaths":33,"minecraft:sneak_time":12196,"minecraft:walk_under_water_one_cm":4863,"minecraft:jump":2919,"minecraft:walk_on_water_one_cm":12667,"minecraft:total_world_time":781645,"minecraft:fall_one_cm":38999},"minecraft:picked_up":{"minecraft:fishing_rod":1,"minecraft:charcoal":2,"minecraft:chicken":1,"minecraft:andesite":1,"minecraft:potato":3,"minecraft:potion":15,"minecraft:stone_brick_stairs":2,"minecraft:gunpowder":92,"minecraft:cobblestone_wall":1,"minecraft:dirt":99,"minecraft:blue_bed":3,"minecraft:string":10,"minecraft:lantern":6,"cgm:grenade_launcher":5,"minecraft:bone":99,"minecraft:zombie_head":2,"minecraft:bow":6,"minecraft:stone_bricks":5,"graveyard:corruption":2,"minecraft:gray_terracotta":84,"minecraft:mossy_stone_bricks":1,"minecraft:iron_nugget":2,"minecraft:glass_bottle":3,"cgm:bazooka":14,"minecraft:phantom_membrane":2,"minecraft:furnace":1,"minecraft:copper_ingot":1,"minecraft:torch":13,"minecraft:gravel":1,"minecraft:carrot":1,"minecraft:fermented_spider_eye":7,"minecraft:spider_eye":7,"minecraft:quartz_block":14,"minecraft:light_gray_terracotta":1,"minecraft:arrow":42,"minecraft:rotten_flesh":238,"minecraft:slime_ball":1,"minecraft:mutton":6,"cgm:workbench":1,"minecraft:iron_bars":14,"minecraft:snowball":42,"minecraft:white_wool":4,"minecraft:cobblestone":13,"minecraft:ender_pearl":5},"minecraft:broken":{"minecraft:iron_boots":2,"minecraft:iron_helmet":1,"minecraft:iron_chestplate":2,"minecraft:iron_leggings":1},"minecraft:mined":{"minecraft:gray_terracotta":7,"minecraft:torch":1,"minecraft:stone_brick_stairs":1,"minecraft:packed_ice":1},"minecraft:used":{"nzgmaddon:submachine_gun":1651,"minecraft:water_bucket":18,"minecraft:netherite_sword":20,"securitycraft:reinforced_light_gray_terracotta":379,"cgm:pistol":218,"minecraft:glass_bottle":2,"minecraft:chest":14,"minecraft:stone":6,"minecraft:zombie_spawn_egg":152,"minecraft:blue_bed":5,"minecraft:oak_leaves":1,"moguns:trashcan":6,"minecraft:torch":84,"jeg:gunmetal_workbench":1,"minecraft:dirt":95,"cgm:workbench":3,"jeg:gunnite_workbench":1,"minecraft:crafting_table":4,"minecraft:white_bed":6,"minecraft:cobblestone_wall":6,"minecraft:light_gray_terracotta":11,"kevin_trophy:zombie_brute_spawn_egg":2,"minecraft:campfire":6,"cgm:bazooka":3,"jeg:custom_smg":1012,"minecraft:snowball":1,"immersive_paintings:graffiti":4,"cfm:oak_chair":2,"minecraft:creeper_spawn_egg":76,"minecraft:glass":24,"minecraft:gray_terracotta":555,"minecraft:lava_bucket":15,"minecraft:cyan_terracotta":29,"securitycraft:reinforced_grass_block":20,"immersive_paintings:painting":1,"kevin_trophy:blister_zombie_spawn_egg":13,"minecraft:gray_stained_glass_pane":57,"minecraft:lantern":23,"minecraft:grass_block":281,"minecraft:iron_pickaxe":8,"cgm:grenade":3,"minecraft:quartz_block":36,"graveyard:skeleton_creeper_spawn_egg":20,"minecraft:spruce_trapdoor":39,"immersive_paintings:glow_graffiti":1,"securitycraft:reinforced_smooth_red_sandstone_slab":7,"farmersdelight:glow_berry_custard":3,"minecraft:stone_brick_stairs":15,"cgm:grenade_launcher":1,"minecraft:stone_bricks":59,"jeg:scrap_workbench":2,"minecraft:cobblestone":59,"minecraft:potion":2,"minecraft:furnace":3,"jeg:revolver":13,"minecraft:white_stained_glass":145,"farmersdelight:cooking_pot":1,"minecraft:bucket":7,"minecraft:chain":6,"jeg:semi_auto_rifle":4,"minecraft:smooth_stone_slab":13,"minecraft:gray_stained_glass":20,"minecraft:splash_potion":115,"minecraft:cobweb":6}},"DataVersion":3120}