{"stats":{"minecraft:dropped":{"immersive_paintings:painting":5,"immersive_paintings:graffiti":6,"jeg:custom_smg":1,"minecraft:phantom_membrane":2,"minecraft:string":2,"minecraft:bone":4,"cgm:pistol":2,"minecraft:rotten_flesh":8,"cgm:grenade_launcher":6,"minecraft:gunpowder":3,"cgm:bazooka":15},"minecraft:crafted":{"minecraft:air":0},"minecraft:used":{"minecraft:netherite_sword":20,"securitycraft:reinforced_light_gray_terracotta":391,"minecraft:chest":14,"minecraft:stone":6,"minecraft:iron_sword":1,"minecraft:zombie_spawn_egg":152,"securitycraft:security_camera":1,"securitycraft:reinforced_exposed_cut_copper_slab":1,"minecraft:torch":84,"minecraft:dirt":95,"cgm:workbench":3,"jeg:gunnite_workbench":1,"securitycraft:keypad_item":3,"minecraft:cobblestone_wall":6,"jeg:custom_smg":1252,"minecraft:snowball":1,"minecraft:light_blue_stained_glass":2,"securitycraft:keycard_reader":1,"minecraft:glass":24,"securitycraft:camera_monitor":1,"minecraft:cyan_terracotta":29,"minecraft:lava_bucket":15,"immersive_paintings:painting":5,"minecraft:lantern":23,"minecraft:grass_block":281,"minecraft:quartz_block":36,"securitycraft:reinforced_smooth_red_sandstone_slab":7,"immersive_paintings:glow_graffiti":4,"farmersdelight:glow_berry_custard":3,"minecraft:stone_brick_stairs":15,"minecraft:stone_bricks":59,"cgm:grenade_launcher":1,"minecraft:furnace":3,"jeg:revolver":13,"farmersdelight:cooking_pot":1,"jeg:semi_auto_rifle":4,"nzgmaddon:submachine_gun":1651,"minecraft:water_bucket":18,"minecraft:glass_bottle":2,"cgm:pistol":308,"minecraft:baked_potato":1,"securitycraft:keypad_frame":1,"minecraft:blue_bed":5,"minecraft:oak_leaves":1,"moguns:trashcan":6,"jeg:gunmetal_workbench":1,"minecraft:crafting_table":4,"minecraft:light_gray_terracotta":11,"immersive_paintings:glow_painting":3,"minecraft:campfire":6,"minecraft:white_bed":10,"cgm:bazooka":3,"kevin_trophy:zombie_brute_spawn_egg":2,"immersive_paintings:graffiti":16,"cfm:oak_chair":2,"minecraft:creeper_spawn_egg":76,"minecraft:gray_terracotta":555,"securitycraft:reinforced_grass_block":20,"kevin_trophy:blister_zombie_spawn_egg":13,"minecraft:gray_stained_glass_pane":57,"minecraft:iron_pickaxe":8,"minecraft:stone_button":1,"cgm:grenade":3,"graveyard:skeleton_creeper_spawn_egg":20,"minecraft:spruce_trapdoor":39,"minecraft:iron_door":1,"jeg:scrap_workbench":2,"minecraft:cobblestone":59,"minecraft:potion":3,"minecraft:white_stained_glass":145,"minecraft:bucket":7,"minecraft:chain":6,"minecraft:smooth_stone_slab":13,"cgm:mini_gun":246,"minecraft:splash_potion":126,"minecraft:cobweb":6,"minecraft:gray_stained_glass":20},"minecraft:killed_by":{"minecraft:player":2,"minecraft:creeper":5,"graveyard:skeleton_creeper":1,"kevin_trophy:crawler_zombie":1,"man:managgresive":1,"minecraft:skeleton":4,"minecraft:zombie":4},"minecraft:broken":{"minecraft:iron_boots":2,"minecraft:iron_chestplate":2,"minecraft:iron_leggings":1,"minecraft:iron_helmet":1},"minecraft:mined":{"minecraft:white_bed":2,"minecraft:packed_ice":1,"minecraft:gray_terracotta":7,"minecraft:torch":1,"minecraft:stone_brick_stairs":1,"minecraft:cobweb":1},"minecraft:picked_up":{"minecraft:fishing_rod":1,"minecraft:charcoal":2,"minecraft:chicken":1,"minecraft:potion":15,"minecraft:stone_brick_stairs":2,"minecraft:string":14,"minecraft:zombie_head":2,"graveyard:corruption":2,"minecraft:iron_nugget":2,"immersive_paintings:glow_painting":2,"cgm:bazooka":14,"minecraft:phantom_membrane":4,"minecraft:furnace":1,"minecraft:copper_ingot":1,"minecraft:torch":13,"minecraft:carrot":1,"minecraft:quartz_block":14,"minecraft:arrow":52,"minecraft:rotten_flesh":255,"minecraft:mutton":6,"minecraft:iron_bars":14,"minecraft:snowball":42,"minecraft:white_wool":4,"minecraft:cobblestone":13,"minecraft:andesite":1,"minecraft:potato":3,"minecraft:cobblestone_wall":1,"minecraft:gunpowder":96,"minecraft:blue_bed":3,"minecraft:dirt":99,"minecraft:lantern":6,"cgm:grenade_launcher":5,"minecraft:bone":105,"minecraft:stone_bricks":5,"minecraft:gray_terracotta":84,"minecraft:bow":6,"minecraft:mossy_stone_bricks":1,"minecraft:glass_bottle":3,"immersive_paintings:glow_graffiti":3,"minecraft:gravel":1,"minecraft:white_bed":2,"minecraft:fermented_spider_eye":7,"minecraft:spider_eye":7,"cgm:pistol":2,"minecraft:light_gray_terracotta":1,"minecraft:slime_ball":1,"jeg:custom_smg":1,"cgm:workbench":1,"minecraft:ender_pearl":5},"minecraft:custom":{"minecraft:mob_kills":325,"minecraft:interact_with_crafting_table":2,"minecraft:interact_with_campfire":15,"minecraft:leave_game":25,"minecraft:time_since_death":217409,"minecraft:climb_one_cm":21765,"minecraft:sprint_one_cm":709692,"minecraft:walk_one_cm":1373092,"minecraft:drop":44,"minecraft:play_time":991465,"minecraft:deaths":33,"minecraft:sneak_time":13253,"minecraft:walk_under_water_one_cm":4863,"minecraft:jump":2986,"minecraft:walk_on_water_one_cm":12667,"minecraft:total_world_time":993316,"minecraft:sleep_in_bed":3,"minecraft:time_since_rest":65225,"minecraft:damage_taken":8710,"minecraft:damage_dealt":1312,"minecraft:fly_one_cm":1620519,"minecraft:swim_one_cm":3533,"minecraft:open_chest":56,"minecraft:crouch_one_cm":33605,"minecraft:fall_one_cm":39540},"minecraft:killed":{"graveyard:skeleton_creeper":13,"graveyard:revenant":3,"minecraft:spider":14,"minecraft:skeleton":41,"minecraft:chicken":1,"minecraft:drowned":3,"jeg:ghoul":2,"graveyard:ghoul":1,"man:managgresive":2,"minecraft:creeper":43,"kevin_trophy:blister_zombie":13,"kevin_trophy:crawler_zombie":2,"minecraft:zombie":160,"kevin_trophy:zombie_brute":1}},"DataVersion":3120}