{"stats":{"minecraft:dropped":{"immersive_paintings:painting":5,"minecraft:ender_pearl":1,"minecraft:glass_bottle":3,"immersive_paintings:glow_graffiti":4,"nzgmaddon:hunting_shotgun":1,"graveyard:corruption":3,"nzgmaddon:bolt_action_rifle":1,"firstaid:bandage":26,"moguns:9x19":61,"usefulbackpacks:backpack_small":2,"nzgmaddon:flash_hider":1,"minecraft:phantom_membrane":6,"minecraft:bone":26,"cgm:pistol":4,"minecraft:cobbled_deepslate":2,"graveyard:dark_iron_ingot":4,"minecraft:rotten_flesh":37,"minecraft:oak_planks":1,"minecraft:white_bed":1,"minecraft:carrot":64,"minecraft:gunpowder":9,"minecraft:charcoal":4,"minecraft:arrow":17,"minecraft:enchanted_book":1,"immersive_paintings:glow_painting":3,"minecraft:minecart":3,"minecraft:iron_helmet":2,"immersive_paintings:graffiti":6,"moguns:micro_uzi":1,"minecraft:tropical_fish":1,"graveyard:bone_dagger":2,"minecraft:chainmail_helmet":1,"minecraft:golden_apple":2,"minecraft:stick":3,"jeg:custom_smg":2,"moguns:akm":2,"minecraft:iron_leggings":2,"minecraft:string":12,"minecraft:tripwire_hook":1,"cgm:advanced_bullet":128,"minecraft:iron_boots":2,"moguns:glockest_glock":1,"cgm:grenade_launcher":6,"minecraft:spruce_planks":35,"minecraft:iron_chestplate":3,"cgm:bazooka":15,"minecraft:spider_eye":19,"minecraft:bow":1,"nzgmaddon:hunting_rifle":1},"minecraft:crafted":{"minecraft:black_dye":3,"minecraft:smooth_stone":3,"minecraft:stone":3,"minecraft:iron_boots":2,"minecraft:diamond_leggings":1,"minecraft:diamond_helmet":1,"minecraft:chest":2,"minecraft:crafting_table":3,"minecraft:spruce_planks":96,"farmersdelight:flint_knife":1,"minecraft:iron_helmet":2,"minecraft:iron_chestplate":2,"minecraft:diamond_pickaxe":1,"minecraft:stick":16,"minecraft:iron_ingot":7,"minecraft:iron_block":3,"minecraft:coal":45,"minecraft:blast_furnace":1,"bakery:jar":2,"usefulbackpacks:filter_configurator":1,"minecraft:minecart":2,"minecraft:spruce_sign":3,"minecraft:air":0,"minecraft:white_wool":5,"firstaid:bandage":21,"minecraft:iron_leggings":2,"minecraft:anvil":1,"minecraft:white_bed":2},"minecraft:used":{"securitycraft:reinforced_light_gray_terracotta":468,"minecraft:spruce_slab":5,"minecraft:diamond_hoe":2,"minecraft:ladder":4,"minecraft:chest":18,"minecraft:stone":6,"minecraft:iron_sword":1,"minecraft:zombie_spawn_egg":152,"securitycraft:security_camera":1,"minecraft:green_terracotta":6,"nzgmaddon:rapid_smg":6,"securitycraft:reinforced_exposed_cut_copper_slab":1,"securitycraft:keypad_item":3,"jeg:custom_smg":1633,"minecraft:snowball":5,"jeg:grenade":15,"minecraft:glass":24,"securitycraft:camera_monitor":1,"minecraft:cyan_terracotta":31,"minecraft:lava_bucket":15,"minecraft:quartz_pillar":2,"minecraft:lantern":35,"minecraft:grass_block":281,"minecraft:quartz_block":36,"jeg:healing_talisman":3,"immersive_paintings:glow_graffiti":28,"farmersdelight:glow_berry_custard":3,"minecraft:stone_brick_stairs":15,"minecraft:stone_bricks":70,"minecraft:furnace":5,"jeg:revolver":13,"jeg:semi_auto_rifle":4,"minecraft:potato":23,"nzgmaddon:submachine_gun":2871,"minecraft:mossy_stone_bricks":2,"minecraft:polished_diorite_slab":2,"minecraft:ender_pearl":1,"securitycraft:keypad_frame":1,"minecraft:blue_bed":10,"usefulbackpacks:filter_configurator":1,"minecraft:oak_leaves":1,"moguns:trashcan":35,"minecraft:golden_apple":2,"jeg:gunmetal_workbench":2,"minecraft:sand":2,"minecraft:blast_furnace":1,"minecraft:light_gray_terracotta":35,"immersive_paintings:glow_painting":27,"cgm:bazooka":4,"kevin_trophy:zombie_brute_spawn_egg":2,"minecraft:deepslate_brick_stairs":1,"immersive_paintings:graffiti":16,"minecraft:redstone_torch":1,"cfm:oak_chair":2,"minecraft:creeper_spawn_egg":76,"minecraft:deepslate_tiles":1,"securitycraft:reinforced_grass_block":20,"minecraft:gray_stained_glass_pane":69,"minecraft:stone_button":1,"minecraft:oak_pressure_plate":1,"minecraft:iron_door":2,"minecraft:grindstone":2,"minecraft:white_stained_glass":145,"minecraft:chain":6,"minecraft:smooth_stone_slab":16,"cgm:mini_gun":246,"nzgmaddon:battle_rifle":301,"jeg:molotov_cocktail":6,"minecraft:cobweb":6,"minecraft:gray_stained_glass":20,"minecraft:netherite_sword":20,"minecraft:enchanting_table":1,"minecraft:iron_bars":2,"minecraft:spruce_planks":9,"minecraft:torch":85,"minecraft:dirt":113,"minecraft:anvil":1,"cgm:workbench":6,"jeg:gunnite_workbench":2,"minecraft:cobblestone_wall":7,"moguns:glockest_glock":335,"minecraft:light_blue_stained_glass":9,"securitycraft:keycard_reader":1,"nzgmaddon:revolver":345,"minecraft:bookshelf":36,"immersive_paintings:painting":5,"minecraft:iron_axe":44,"securitycraft:reinforced_smooth_red_sandstone_slab":7,"cgm:grenade_launcher":1,"farmersdelight:cooking_pot":1,"minecraft:minecart":11,"minecraft:wheat_seeds":2,"minecraft:water_bucket":19,"minecraft:glass_bottle":8,"cgm:pistol":968,"minecraft:baked_potato":22,"minecraft:spruce_sign":1,"minecraft:cracked_stone_bricks":1,"minecraft:mossy_cobblestone":13,"minecraft:rail":4,"minecraft:crafting_table":7,"minecraft:campfire":16,"minecraft:white_bed":17,"minecraft:gray_terracotta":555,"minecraft:wooden_hoe":19,"kevin_trophy:blister_zombie_spawn_egg":13,"minecraft:iron_pickaxe":81,"cgm:grenade":37,"graveyard:skeleton_creeper_spawn_egg":20,"minecraft:spruce_trapdoor":39,"minecraft:spruce_sapling":2,"minecraft:golden_leggings":1,"jeg:scrap_workbench":4,"minecraft:cobblestone":62,"minecraft:potion":14,"minecraft:bucket":7,"jeg:blossom_rifle":166,"minecraft:diamond_leggings":1,"minecraft:smooth_stone":1,"minecraft:splash_potion":134},"minecraft:killed_by":{"minecraft:creeper":5,"graveyard:skeleton_creeper":1,"kevin_trophy:crawler_zombie":1,"man:managgresive":3,"minecraft:zombie":28,"graveyard:wraith":7,"minecraft:player":65,"minecraft:skeleton":11},"minecraft:broken":{"minecraft:iron_boots":5,"minecraft:iron_chestplate":4,"minecraft:iron_leggings":4,"minecraft:iron_helmet":4},"minecraft:mined":{"minecraft:white_bed":3,"minecraft:grass_block":3,"minecraft:nether_wart":30,"minecraft:spawner":6,"minecraft:iron_bars":1,"minecraft:gray_terracotta":7,"minecraft:cyan_terracotta":2,"minecraft:powder_snow":8,"minecraft:torch":2,"minecraft:light_gray_terracotta":6,"minecraft:white_stained_glass_pane":2,"minecraft:oak_planks":1,"minecraft:iron_door":1,"minecraft:wheat":2,"minecraft:stone_brick_stairs":1,"minecraft:smooth_stone_slab":2,"minecraft:grass":2,"minecraft:dirt":4,"minecraft:oak_leaves":5,"minecraft:deepslate_tiles":1,"minecraft:blue_stained_glass_pane":2,"minecraft:mossy_cobblestone":24,"minecraft:gray_stained_glass_pane":3,"minecraft:ladder":4,"minecraft:spruce_leaves":16,"minecraft:moss_block":1,"minecraft:large_fern":3,"minecraft:furnace":2,"minecraft:carrots":2,"minecraft:green_terracotta":2,"minecraft:vine":1,"minecraft:lantern":1,"minecraft:packed_ice":1,"minecraft:stone":10,"minecraft:podzol":6,"jeg:scrap_ore":1,"minecraft:campfire":3,"minecraft:blue_bed":1,"minecraft:spruce_log":25,"minecraft:cobweb":1,"minecraft:stone_bricks":5,"minecraft:fern":1,"minecraft:iron_trapdoor":1},"minecraft:picked_up":{"minecraft:iron_chestplate":1,"minecraft:wheat":2,"cgm:basic_bullet":6,"minecraft:potion":33,"minecraft:enchanted_book":1,"minecraft:stone_brick_stairs":2,"minecraft:string":35,"nzgmaddon:battle_rifle":1,"moguns:glockest_glock":2,"minecraft:smooth_stone_slab":3,"minecraft:iron_leggings":1,"minecraft:zombie_head":2,"moguns:micro_uzi":1,"minecraft:deepslate_tiles":1,"minecraft:cobbled_deepslate":2,"minecraft:smooth_stone":1,"minecraft:spruce_planks":35,"immersive_paintings:glow_painting":20,"cgm:advanced_bullet":128,"minecraft:furnace":4,"minecraft:iron_boots":1,"minecraft:golden_helmet":1,"minecraft:stick":1,"moguns:akm":2,"minecraft:torch":14,"minecraft:green_terracotta":6,"minecraft:black_dye":1,"minecraft:quartz_block":14,"minecraft:rotten_flesh":448,"minecraft:tropical_fish":1,"minecraft:cyan_terracotta":2,"minecraft:deepslate_brick_stairs":1,"minecraft:iron_bars":15,"minecraft:snowball":46,"minecraft:cobblestone":21,"minecraft:enchanting_table":1,"minecraft:polished_diorite_slab":2,"minecraft:iron_door":1,"nzgmaddon:bolt_action_rifle":2,"minecraft:andesite":1,"minecraft:golden_leggings":2,"minecraft:potato":3,"jeg:scrap":2,"minecraft:lantern":13,"minecraft:dirt":118,"nzgmaddon:hunting_shotgun":2,"minecraft:bone":195,"minecraft:gray_terracotta":84,"minecraft:bow":10,"minecraft:wheat_seeds":6,"minecraft:mossy_stone_bricks":14,"minecraft:oak_planks":1,"immersive_paintings:glow_graffiti":21,"graveyard:bone_dagger":2,"moguns:trashcan":1,"minecraft:oak_pressure_plate":1,"minecraft:sand":2,"minecraft:ink_sac":3,"minecraft:fermented_spider_eye":7,"minecraft:mossy_cobblestone":24,"cgm:pistol":4,"minecraft:light_gray_terracotta":23,"minecraft:diamond":20,"jeg:custom_smg":2,"minecraft:chainmail_helmet":1,"moguns:9x19":16,"minecraft:fishing_rod":3,"minecraft:charcoal":6,"minecraft:crafting_table":1,"minecraft:nether_wart":85,"minecraft:chicken":1,"minecraft:ladder":4,"graveyard:dark_iron_ingot":4,"nzgmaddon:flash_hider":1,"nzgmaddon:hunting_rifle":1,"minecraft:shield":1,"moguns:762x39":14,"minecraft:netherite_scrap":1,"minecraft:iron_shovel":1,"graveyard:corruption":9,"minecraft:cracked_stone_bricks":1,"usefulbackpacks:backpack_small":2,"minecraft:iron_nugget":5,"minecraft:spruce_slab":5,"minecraft:minecart":10,"cgm:bazooka":14,"minecraft:phantom_membrane":11,"minecraft:raw_iron":64,"minecraft:copper_ingot":1,"minecraft:quartz_pillar":2,"minecraft:carrot":129,"jeg:healing_talisman":2,"minecraft:arrow":105,"minecraft:mutton":6,"minecraft:rail":1,"minecraft:white_wool":10,"minecraft:tripwire_hook":1,"minecraft:leather":2,"minecraft:gunpowder":142,"minecraft:cobblestone_wall":2,"farmersdelight:flint_knife":1,"minecraft:blue_bed":7,"cgm:grenade_launcher":5,"minecraft:stone_bricks":17,"minecraft:iron_ingot":69,"minecraft:glass_bottle":4,"minecraft:iron_sword":1,"minecraft:gravel":1,"minecraft:spruce_sapling":2,"minecraft:white_bed":4,"minecraft:spruce_log":24,"minecraft:spider_eye":34,"nzgmaddon:extended_barrel":1,"nzgmaddon:revolver":1,"minecraft:slime_ball":3,"jeg:ectoplasm":1,"minecraft:iron_helmet":1,"minecraft:coal":1,"cgm:workbench":1,"minecraft:ender_pearl":8},"minecraft:custom":{"minecraft:animals_bred":1,"minecraft:interact_with_crafting_table":23,"minecraft:open_barrel":55,"minecraft:leave_game":32,"minecraft:time_since_death":82151,"minecraft:sprint_one_cm":1919220,"minecraft:drop":166,"minecraft:talked_to_villager":3,"minecraft:play_time":1590593,"minecraft:deaths":143,"minecraft:jump":7269,"minecraft:walk_on_water_one_cm":103838,"minecraft:enchant_item":21,"minecraft:interact_with_furnace":8,"minecraft:traded_with_villager":1,"minecraft:sleep_in_bed":22,"minecraft:damage_dealt":1583,"minecraft:player_kills":53,"minecraft:crouch_one_cm":73466,"minecraft:mob_kills":741,"minecraft:interact_with_anvil":22,"minecraft:interact_with_campfire":33,"minecraft:climb_one_cm":130854,"minecraft:walk_one_cm":3072263,"minecraft:sneak_time":30505,"minecraft:walk_under_water_one_cm":93089,"minecraft:interact_with_lectern":1,"minecraft:interact_with_blast_furnace":3,"minecraft:total_world_time":1592444,"minecraft:interact_with_grindstone":9,"minecraft:time_since_rest":1728,"minecraft:damage_taken":33216,"minecraft:minecart_one_cm":299486,"minecraft:swim_one_cm":61381,"minecraft:fly_one_cm":2293419,"minecraft:open_chest":321,"minecraft:fall_one_cm":138729},"minecraft:killed":{"graveyard:skeleton_creeper":13,"minecraft:spider":34,"graveyard:wraith":6,"minecraft:skeleton":124,"graveyard:acolyte":4,"minecraft:chicken":1,"minecraft:axolotl":1,"minecraft:tropical_fish":2,"jeg:ghoul":3,"minecraft:zombie_villager":1,"man:managgresive":2,"minecraft:creeper":76,"kevin_trophy:blister_zombie":14,"minecraft:pillager":2,"minecraft:zombie":409,"graveyard:corrupted_vindicator":1,"graveyard:revenant":9,"minecraft:drowned":3,"graveyard:ghoul":2,"minecraft:bat":1,"minecraft:squid":1,"kevin_trophy:crawler_zombie":2,"kevin_trophy:zombie_brute":2}},"DataVersion":3120}