{"stats":{"minecraft:dropped":{"minecraft:gunpowder":2},"minecraft:custom":{"minecraft:time_since_rest":5105,"minecraft:sprint_one_cm":128721,"minecraft:walk_one_cm":250977,"minecraft:damage_taken":491,"minecraft:mob_kills":28,"minecraft:drop":2,"minecraft:damage_dealt":974,"minecraft:interact_with_crafting_table":2,"minecraft:fly_one_cm":399914,"minecraft:open_chest":2,"minecraft:crouch_one_cm":3448,"minecraft:play_time":408699,"minecraft:deaths":2,"minecraft:sneak_time":1813,"minecraft:walk_under_water_one_cm":1200,"minecraft:jump":1112,"minecraft:leave_game":11,"minecraft:time_since_death":6298,"minecraft:walk_on_water_one_cm":1115,"minecraft:sleep_in_bed":1,"minecraft:total_world_time":410550,"minecraft:climb_one_cm":13159,"minecraft:fall_one_cm":7709},"minecraft:crafted":{"minecraft:air":0},"minecraft:killed":{"kevin_trophy:blister_zombie":13,"minecraft:zombie":14,"kevin_trophy:zombie_brute":1},"minecraft:picked_up":{"minecraft:gunpowder":4,"minecraft:fermented_spider_eye":7,"minecraft:spider_eye":1,"minecraft:rotten_flesh":4,"minecraft:glass_bottle":1,"minecraft:mutton":6,"minecraft:white_wool":4},"minecraft:used":{"nzgmaddon:submachine_gun":52,"minecraft:gray_terracotta":20,"minecraft:netherite_sword":20,"minecraft:cyan_terracotta":5,"kevin_trophy:blister_zombie_spawn_egg":13,"minecraft:grass_block":1,"cgm:pistol":48,"cgm:grenade":3,"minecraft:zombie_spawn_egg":5,"minecraft:spruce_trapdoor":15,"securitycraft:reinforced_smooth_red_sandstone_slab":7,"minecraft:blue_bed":1,"farmersdelight:glow_berry_custard":1,"minecraft:stone_brick_stairs":5,"jeg:scrap_workbench":1,"minecraft:torch":17,"jeg:gunmetal_workbench":1,"minecraft:dirt":1,"cgm:workbench":1,"minecraft:crafting_table":1,"jeg:gunnite_workbench":1,"jeg:revolver":13,"farmersdelight:cooking_pot":1,"minecraft:light_gray_terracotta":1,"jeg:semi_auto_rifle":4,"minecraft:smooth_stone_slab":2,"jeg:custom_smg":383,"kevin_trophy:zombie_brute_spawn_egg":1}},"DataVersion":3120}