{"stats":{"minecraft:used":{"minecraft:netherite_sword":20,"minecraft:iron_bars":1,"securitycraft:reinforced_light_gray_terracotta":468,"minecraft:ladder":4,"minecraft:chest":14,"minecraft:spruce_planks":3,"minecraft:iron_sword":1,"minecraft:stone":6,"minecraft:zombie_spawn_egg":152,"securitycraft:security_camera":1,"minecraft:green_terracotta":6,"nzgmaddon:rapid_smg":6,"securitycraft:reinforced_exposed_cut_copper_slab":1,"minecraft:torch":84,"minecraft:dirt":95,"cgm:workbench":4,"securitycraft:keypad_item":3,"jeg:gunnite_workbench":1,"minecraft:cobblestone_wall":6,"jeg:custom_smg":1633,"moguns:glockest_glock":335,"minecraft:light_blue_stained_glass":9,"minecraft:snowball":1,"jeg:grenade":4,"securitycraft:keycard_reader":1,"minecraft:glass":24,"securitycraft:camera_monitor":1,"minecraft:cyan_terracotta":29,"minecraft:lava_bucket":15,"minecraft:quartz_pillar":2,"immersive_paintings:painting":5,"minecraft:grass_block":281,"minecraft:lantern":32,"minecraft:iron_axe":31,"minecraft:quartz_block":36,"securitycraft:reinforced_smooth_red_sandstone_slab":7,"immersive_paintings:glow_graffiti":24,"farmersdelight:glow_berry_custard":3,"minecraft:stone_brick_stairs":15,"minecraft:stone_bricks":60,"cgm:grenade_launcher":1,"minecraft:furnace":3,"jeg:revolver":13,"farmersdelight:cooking_pot":1,"jeg:semi_auto_rifle":4,"nzgmaddon:submachine_gun":2211,"minecraft:water_bucket":18,"minecraft:glass_bottle":2,"cgm:pistol":894,"minecraft:baked_potato":5,"minecraft:polished_diorite_slab":2,"securitycraft:keypad_frame":1,"minecraft:blue_bed":5,"minecraft:oak_leaves":1,"moguns:trashcan":24,"minecraft:golden_apple":2,"minecraft:mossy_cobblestone":1,"jeg:gunmetal_workbench":1,"minecraft:crafting_table":5,"minecraft:light_gray_terracotta":20,"immersive_paintings:glow_painting":22,"minecraft:white_bed":15,"minecraft:campfire":6,"cgm:bazooka":4,"kevin_trophy:zombie_brute_spawn_egg":2,"minecraft:deepslate_brick_stairs":1,"immersive_paintings:graffiti":16,"minecraft:deepslate_tiles":1,"cfm:oak_chair":2,"minecraft:creeper_spawn_egg":76,"minecraft:gray_terracotta":555,"securitycraft:reinforced_grass_block":20,"kevin_trophy:blister_zombie_spawn_egg":13,"minecraft:gray_stained_glass_pane":57,"minecraft:iron_pickaxe":24,"minecraft:stone_button":1,"cgm:grenade":37,"graveyard:skeleton_creeper_spawn_egg":20,"minecraft:spruce_trapdoor":39,"minecraft:iron_door":2,"jeg:scrap_workbench":2,"minecraft:cobblestone":59,"minecraft:potion":3,"minecraft:white_stained_glass":145,"minecraft:bucket":7,"minecraft:chain":6,"minecraft:smooth_stone_slab":13,"cgm:mini_gun":246,"minecraft:smooth_stone":1,"minecraft:splash_potion":131,"minecraft:cobweb":6,"minecraft:gray_stained_glass":20},"minecraft:mined":{"minecraft:deepslate_tiles":1,"minecraft:white_bed":2,"minecraft:mossy_cobblestone":1,"minecraft:ladder":4,"minecraft:spruce_leaves":7,"minecraft:nether_wart":30,"minecraft:spawner":3,"minecraft:large_fern":2,"minecraft:green_terracotta":2,"minecraft:packed_ice":1,"minecraft:gray_terracotta":7,"jeg:scrap_ore":1,"minecraft:torch":1,"minecraft:iron_door":1,"minecraft:spruce_log":17,"minecraft:stone_brick_stairs":1,"minecraft:grass":2,"minecraft:cobweb":1,"minecraft:stone_bricks":1,"minecraft:iron_trapdoor":1},"minecraft:killed":{"graveyard:skeleton_creeper":13,"graveyard:corrupted_vindicator":1,"graveyard:revenant":5,"minecraft:spider":25,"graveyard:wraith":6,"minecraft:skeleton":72,"graveyard:acolyte":2,"minecraft:chicken":1,"minecraft:axolotl":1,"minecraft:drowned":3,"minecraft:tropical_fish":2,"jeg:ghoul":2,"graveyard:ghoul":1,"man:managgresive":2,"minecraft:bat":1,"minecraft:creeper":48,"minecraft:squid":1,"kevin_trophy:blister_zombie":14,"kevin_trophy:crawler_zombie":2,"minecraft:zombie":332,"kevin_trophy:zombie_brute":2},"minecraft:dropped":{"immersive_paintings:painting":5,"minecraft:iron_helmet":1,"immersive_paintings:graffiti":6,"moguns:micro_uzi":1,"minecraft:tropical_fish":1,"graveyard:corruption":3,"minecraft:chainmail_helmet":1,"minecraft:golden_apple":2,"jeg:custom_smg":2,"moguns:9x19":61,"minecraft:iron_leggings":1,"usefulbackpacks:backpack_small":1,"minecraft:phantom_membrane":3,"minecraft:string":7,"minecraft:tripwire_hook":1,"minecraft:bone":25,"cgm:pistol":4,"minecraft:cobbled_deepslate":2,"graveyard:dark_iron_ingot":4,"minecraft:rotten_flesh":36,"minecraft:iron_boots":1,"moguns:glockest_glock":1,"cgm:grenade_launcher":6,"minecraft:gunpowder":9,"minecraft:iron_chestplate":2,"cgm:bazooka":15,"minecraft:spider_eye":19,"minecraft:arrow":10},"minecraft:broken":{"minecraft:iron_boots":4,"minecraft:iron_chestplate":3,"minecraft:iron_leggings":2,"minecraft:iron_helmet":3},"minecraft:killed_by":{"minecraft:player":34,"minecraft:creeper":5,"graveyard:skeleton_creeper":1,"kevin_trophy:crawler_zombie":1,"man:managgresive":2,"minecraft:skeleton":10,"minecraft:zombie":24,"graveyard:wraith":7},"minecraft:crafted":{"minecraft:black_dye":3,"minecraft:coal":45,"minecraft:spruce_planks":64,"farmersdelight:flint_knife":1,"minecraft:air":0,"minecraft:stick":4},"minecraft:picked_up":{"minecraft:fishing_rod":3,"minecraft:iron_chestplate":1,"minecraft:charcoal":2,"minecraft:crafting_table":1,"minecraft:nether_wart":85,"minecraft:chicken":1,"minecraft:ladder":4,"graveyard:dark_iron_ingot":4,"minecraft:potion":15,"minecraft:stone_brick_stairs":2,"minecraft:shield":1,"minecraft:string":25,"minecraft:iron_leggings":1,"minecraft:netherite_scrap":1,"moguns:glockest_glock":2,"minecraft:iron_shovel":1,"minecraft:zombie_head":2,"minecraft:deepslate_tiles":1,"graveyard:corruption":7,"moguns:micro_uzi":1,"minecraft:smooth_stone":1,"usefulbackpacks:backpack_small":1,"minecraft:cobbled_deepslate":2,"minecraft:iron_nugget":2,"immersive_paintings:glow_painting":17,"cgm:bazooka":14,"minecraft:phantom_membrane":5,"minecraft:iron_boots":1,"minecraft:furnace":1,"minecraft:raw_iron":64,"minecraft:copper_ingot":1,"minecraft:torch":13,"minecraft:quartz_pillar":2,"minecraft:carrot":1,"minecraft:green_terracotta":6,"minecraft:quartz_block":14,"minecraft:arrow":69,"minecraft:rotten_flesh":344,"minecraft:tropical_fish":1,"minecraft:deepslate_brick_stairs":1,"minecraft:mutton":6,"minecraft:iron_bars":14,"minecraft:snowball":42,"minecraft:white_wool":4,"minecraft:cobblestone":13,"minecraft:polished_diorite_slab":2,"minecraft:iron_door":1,"minecraft:tripwire_hook":1,"minecraft:andesite":1,"minecraft:potato":3,"jeg:scrap":2,"minecraft:cobblestone_wall":1,"minecraft:gunpowder":117,"minecraft:blue_bed":3,"minecraft:dirt":99,"minecraft:lantern":11,"cgm:grenade_launcher":5,"minecraft:bone":137,"minecraft:stone_bricks":7,"minecraft:bow":8,"minecraft:gray_terracotta":84,"minecraft:iron_ingot":69,"minecraft:mossy_stone_bricks":1,"minecraft:glass_bottle":3,"minecraft:iron_sword":1,"immersive_paintings:glow_graffiti":17,"moguns:trashcan":1,"minecraft:gravel":1,"minecraft:ink_sac":3,"minecraft:white_bed":2,"minecraft:spruce_log":16,"minecraft:fermented_spider_eye":7,"minecraft:spider_eye":28,"minecraft:mossy_cobblestone":1,"nzgmaddon:extended_barrel":1,"cgm:pistol":4,"minecraft:light_gray_terracotta":8,"minecraft:slime_ball":3,"minecraft:diamond":20,"jeg:custom_smg":2,"minecraft:iron_helmet":1,"minecraft:chainmail_helmet":1,"cgm:workbench":1,"moguns:9x19":16,"minecraft:ender_pearl":5},"minecraft:custom":{"minecraft:mob_kills":561,"minecraft:interact_with_crafting_table":2,"minecraft:open_barrel":37,"minecraft:interact_with_campfire":15,"minecraft:leave_game":28,"minecraft:time_since_death":16075,"minecraft:climb_one_cm":40835,"minecraft:sprint_one_cm":1202475,"minecraft:walk_one_cm":2030835,"minecraft:drop":126,"minecraft:play_time":1236309,"minecraft:deaths":100,"minecraft:sneak_time":20678,"minecraft:walk_under_water_one_cm":69097,"minecraft:interact_with_lectern":1,"minecraft:jump":4241,"minecraft:walk_on_water_one_cm":84055,"minecraft:total_world_time":1238160,"minecraft:interact_with_furnace":1,"minecraft:sleep_in_bed":7,"minecraft:time_since_rest":16101,"minecraft:damage_taken":22129,"minecraft:damage_dealt":1508,"minecraft:swim_one_cm":44450,"minecraft:fly_one_cm":1849592,"minecraft:player_kills":24,"minecraft:open_chest":134,"minecraft:crouch_one_cm":52384,"minecraft:fall_one_cm":73631}},"DataVersion":3120}