{"stats":{"minecraft:picked_up":{"minecraft:rotten_flesh":1,"minecraft:fermented_spider_eye":7},"minecraft:custom":{"minecraft:time_since_rest":262329,"minecraft:open_chest":1,"minecraft:crouch_one_cm":480,"minecraft:sprint_one_cm":29631,"minecraft:play_time":265685,"minecraft:deaths":1,"minecraft:damage_taken":170,"minecraft:walk_one_cm":86895,"minecraft:sneak_time":187,"minecraft:walk_under_water_one_cm":1200,"minecraft:mob_kills":16,"minecraft:jump":436,"minecraft:damage_dealt":964,"minecraft:leave_game":7,"minecraft:walk_on_water_one_cm":1115,"minecraft:time_since_death":262307,"minecraft:climb_one_cm":4823,"minecraft:total_world_time":267536,"minecraft:fall_one_cm":3633,"minecraft:fly_one_cm":149922},"minecraft:killed":{"kevin_trophy:blister_zombie":13,"minecraft:zombie":2,"kevin_trophy:zombie_brute":1},"minecraft:used":{"minecraft:netherite_sword":20,"minecraft:torch":4,"kevin_trophy:blister_zombie_spawn_egg":13,"cgm:pistol":23,"cgm:grenade":3,"kevin_trophy:zombie_brute_spawn_egg":1,"jeg:custom_smg":255,"minecraft:zombie_spawn_egg":1}},"DataVersion":3120}