{"stats":{"minecraft:used":{"minecraft:torch":4,"jeg:custom_smg":5},"minecraft:custom":{"minecraft:jump":323,"minecraft:open_chest":1,"minecraft:time_since_rest":225660,"minecraft:damage_dealt":66,"minecraft:damage_taken":170,"minecraft:leave_game":6,"minecraft:crouch_one_cm":480,"minecraft:time_since_death":225638,"minecraft:play_time":229016,"minecraft:sprint_one_cm":23449,"minecraft:walk_one_cm":60535,"minecraft:walk_on_water_one_cm":543,"minecraft:deaths":1,"minecraft:sneak_time":183,"minecraft:total_world_time":230867,"minecraft:climb_one_cm":4823,"minecraft:walk_under_water_one_cm":275,"minecraft:fall_one_cm":3633,"minecraft:fly_one_cm":128320}},"DataVersion":3120}