{"stats":{"minecraft:used":{"minecraft:torch":4,"jeg:custom_smg":5},"minecraft:custom":{"minecraft:jump":408,"minecraft:open_chest":1,"minecraft:time_since_rest":231660,"minecraft:damage_dealt":66,"minecraft:damage_taken":170,"minecraft:leave_game":6,"minecraft:crouch_one_cm":480,"minecraft:time_since_death":231638,"minecraft:play_time":235016,"minecraft:sprint_one_cm":29631,"minecraft:walk_one_cm":68707,"minecraft:walk_on_water_one_cm":851,"minecraft:deaths":1,"minecraft:sneak_time":187,"minecraft:total_world_time":236867,"minecraft:climb_one_cm":4823,"minecraft:walk_under_water_one_cm":1142,"minecraft:fall_one_cm":3633,"minecraft:fly_one_cm":149801}},"DataVersion":3120}