{"stats":{"minecraft:custom":{"minecraft:time_since_rest":287690,"minecraft:open_chest":1,"minecraft:crouch_one_cm":480,"minecraft:sprint_one_cm":34633,"minecraft:play_time":291046,"minecraft:deaths":1,"minecraft:damage_taken":170,"minecraft:walk_one_cm":101921,"minecraft:sneak_time":267,"minecraft:walk_under_water_one_cm":1200,"minecraft:mob_kills":16,"minecraft:jump":484,"minecraft:damage_dealt":974,"minecraft:leave_game":8,"minecraft:walk_on_water_one_cm":1115,"minecraft:time_since_death":287668,"minecraft:climb_one_cm":4823,"minecraft:total_world_time":292897,"minecraft:fall_one_cm":3633,"minecraft:fly_one_cm":156197},"minecraft:killed":{"kevin_trophy:blister_zombie":13,"minecraft:zombie":2,"kevin_trophy:zombie_brute":1},"minecraft:picked_up":{"minecraft:rotten_flesh":1,"minecraft:fermented_spider_eye":7},"minecraft:used":{"minecraft:netherite_sword":20,"minecraft:torch":4,"kevin_trophy:blister_zombie_spawn_egg":13,"cgm:pistol":23,"cgm:grenade":3,"kevin_trophy:zombie_brute_spawn_egg":1,"jeg:custom_smg":255,"minecraft:zombie_spawn_egg":1}},"DataVersion":3120}