{"stats":{"minecraft:crafted":{"minecraft:air":0},"minecraft:picked_up":{"minecraft:fishing_rod":1,"minecraft:charcoal":2,"minecraft:chicken":1,"minecraft:andesite":1,"minecraft:potato":3,"minecraft:potion":15,"minecraft:stone_brick_stairs":2,"minecraft:cobblestone_wall":1,"minecraft:gunpowder":90,"minecraft:dirt":99,"minecraft:blue_bed":3,"minecraft:string":10,"cgm:grenade_launcher":5,"minecraft:zombie_head":2,"minecraft:bone":93,"minecraft:bow":6,"graveyard:corruption":2,"minecraft:stone_bricks":2,"minecraft:gray_terracotta":84,"minecraft:mossy_stone_bricks":1,"minecraft:iron_nugget":2,"minecraft:glass_bottle":3,"cgm:bazooka":14,"minecraft:phantom_membrane":2,"minecraft:furnace":1,"minecraft:copper_ingot":1,"minecraft:torch":13,"minecraft:gravel":1,"minecraft:carrot":1,"minecraft:fermented_spider_eye":7,"minecraft:spider_eye":7,"minecraft:quartz_block":14,"minecraft:arrow":39,"minecraft:rotten_flesh":221,"minecraft:slime_ball":1,"minecraft:iron_bars":14,"cgm:workbench":1,"minecraft:mutton":6,"minecraft:snowball":42,"minecraft:white_wool":4,"minecraft:cobblestone":13,"minecraft:ender_pearl":4},"minecraft:killed":{"jeg:ghoul":2,"graveyard:ghoul":1,"graveyard:skeleton_creeper":12,"man:managgresive":1,"graveyard:revenant":3,"minecraft:spider":14,"minecraft:creeper":42,"minecraft:skeleton":29,"kevin_trophy:blister_zombie":13,"kevin_trophy:crawler_zombie":2,"minecraft:zombie":107,"minecraft:chicken":1,"minecraft:drowned":3,"kevin_trophy:zombie_brute":1},"minecraft:used":{"nzgmaddon:submachine_gun":1539,"minecraft:netherite_sword":20,"minecraft:glass_bottle":2,"cgm:pistol":172,"minecraft:chest":2,"minecraft:stone":6,"minecraft:zombie_spawn_egg":147,"minecraft:blue_bed":5,"minecraft:oak_leaves":1,"minecraft:torch":75,"jeg:gunmetal_workbench":1,"minecraft:dirt":94,"cgm:workbench":3,"minecraft:crafting_table":4,"jeg:gunnite_workbench":1,"minecraft:cobblestone_wall":6,"minecraft:light_gray_terracotta":1,"cgm:bazooka":3,"minecraft:campfire":6,"jeg:custom_smg":776,"kevin_trophy:zombie_brute_spawn_egg":2,"minecraft:snowball":1,"cfm:oak_chair":2,"minecraft:creeper_spawn_egg":76,"minecraft:glass":12,"minecraft:gray_terracotta":330,"securitycraft:reinforced_grass_block":20,"minecraft:cyan_terracotta":5,"minecraft:lava_bucket":15,"kevin_trophy:blister_zombie_spawn_egg":13,"minecraft:grass_block":280,"minecraft:quartz_block":36,"minecraft:iron_pickaxe":8,"cgm:grenade":3,"graveyard:skeleton_creeper_spawn_egg":20,"minecraft:spruce_trapdoor":27,"securitycraft:reinforced_smooth_red_sandstone_slab":7,"farmersdelight:glow_berry_custard":3,"cgm:grenade_launcher":1,"minecraft:stone_brick_stairs":8,"minecraft:stone_bricks":5,"jeg:scrap_workbench":2,"minecraft:cobblestone":59,"minecraft:potion":2,"minecraft:furnace":3,"jeg:revolver":13,"farmersdelight:cooking_pot":1,"minecraft:chain":6,"jeg:semi_auto_rifle":4,"minecraft:smooth_stone_slab":2,"minecraft:splash_potion":115,"minecraft:cobweb":6},"minecraft:dropped":{"minecraft:rotten_flesh":1,"cgm:grenade_launcher":6,"minecraft:gunpowder":3,"cgm:bazooka":15},"minecraft:custom":{"minecraft:mob_kills":254,"minecraft:interact_with_crafting_table":2,"minecraft:interact_with_campfire":15,"minecraft:leave_game":13,"minecraft:time_since_death":36773,"minecraft:sleep_in_bed":2,"minecraft:climb_one_cm":18409,"minecraft:time_since_rest":36804,"minecraft:sprint_one_cm":324861,"minecraft:damage_taken":7042,"minecraft:walk_one_cm":876881,"minecraft:drop":25,"minecraft:damage_dealt":1209,"minecraft:swim_one_cm":3533,"minecraft:fly_one_cm":886195,"minecraft:open_chest":7,"minecraft:crouch_one_cm":22199,"minecraft:play_time":644371,"minecraft:deaths":21,"minecraft:sneak_time":9099,"minecraft:walk_under_water_one_cm":2684,"minecraft:jump":2051,"minecraft:walk_on_water_one_cm":2692,"minecraft:total_world_time":646222,"minecraft:fall_one_cm":23249},"minecraft:killed_by":{"man:managgresive":1,"minecraft:player":1,"minecraft:skeleton":1,"minecraft:creeper":4,"minecraft:zombie":3,"graveyard:skeleton_creeper":1,"kevin_trophy:crawler_zombie":1},"minecraft:broken":{"minecraft:iron_boots":2,"minecraft:iron_helmet":1,"minecraft:iron_chestplate":2,"minecraft:iron_leggings":1},"minecraft:mined":{"minecraft:gray_terracotta":7,"minecraft:torch":1,"minecraft:stone_brick_stairs":1,"minecraft:packed_ice":1}},"DataVersion":3120}