{"stats":{"minecraft:crafted":{"minecraft:air":0},"minecraft:picked_up":{"minecraft:chicken":1,"minecraft:potion":15,"minecraft:gunpowder":7,"minecraft:string":2,"minecraft:bone":4,"minecraft:gray_terracotta":6,"minecraft:iron_nugget":2,"minecraft:glass_bottle":1,"minecraft:phantom_membrane":1,"minecraft:torch":1,"minecraft:fermented_spider_eye":7,"minecraft:spider_eye":1,"minecraft:arrow":1,"minecraft:rotten_flesh":22,"minecraft:mutton":6,"minecraft:snowball":1,"minecraft:white_wool":4},"minecraft:killed":{"jeg:ghoul":2,"graveyard:ghoul":1,"graveyard:skeleton_creeper":2,"man:managgresive":1,"graveyard:revenant":2,"minecraft:spider":14,"minecraft:creeper":6,"minecraft:skeleton":3,"kevin_trophy:blister_zombie":13,"kevin_trophy:crawler_zombie":1,"minecraft:zombie":33,"minecraft:chicken":1,"kevin_trophy:zombie_brute":1},"minecraft:used":{"nzgmaddon:submachine_gun":498,"minecraft:netherite_sword":20,"minecraft:glass_bottle":2,"cgm:pistol":131,"minecraft:chest":2,"minecraft:stone":6,"minecraft:zombie_spawn_egg":6,"minecraft:blue_bed":2,"minecraft:torch":34,"jeg:gunmetal_workbench":1,"minecraft:dirt":1,"cgm:workbench":2,"minecraft:crafting_table":4,"jeg:gunnite_workbench":1,"minecraft:light_gray_terracotta":1,"minecraft:campfire":1,"jeg:custom_smg":588,"kevin_trophy:zombie_brute_spawn_egg":1,"minecraft:snowball":1,"minecraft:gray_terracotta":60,"minecraft:cyan_terracotta":5,"minecraft:lava_bucket":15,"kevin_trophy:blister_zombie_spawn_egg":13,"minecraft:grass_block":1,"cgm:grenade":3,"minecraft:spruce_trapdoor":19,"securitycraft:reinforced_smooth_red_sandstone_slab":7,"farmersdelight:glow_berry_custard":1,"minecraft:stone_brick_stairs":5,"jeg:scrap_workbench":2,"minecraft:cobblestone":42,"minecraft:potion":2,"minecraft:furnace":1,"jeg:revolver":13,"farmersdelight:cooking_pot":1,"jeg:semi_auto_rifle":4,"minecraft:smooth_stone_slab":2,"minecraft:splash_potion":34,"minecraft:cobweb":6},"minecraft:dropped":{"minecraft:gunpowder":2},"minecraft:custom":{"minecraft:mob_kills":80,"minecraft:interact_with_crafting_table":2,"minecraft:interact_with_campfire":15,"minecraft:leave_game":13,"minecraft:time_since_death":3100,"minecraft:sleep_in_bed":2,"minecraft:climb_one_cm":17114,"minecraft:time_since_rest":3167,"minecraft:sprint_one_cm":209002,"minecraft:damage_taken":3333,"minecraft:walk_one_cm":536009,"minecraft:drop":2,"minecraft:damage_dealt":974,"minecraft:swim_one_cm":3533,"minecraft:fly_one_cm":620244,"minecraft:open_chest":6,"minecraft:crouch_one_cm":5405,"minecraft:play_time":470371,"minecraft:deaths":9,"minecraft:sneak_time":3195,"minecraft:walk_under_water_one_cm":1852,"minecraft:jump":1603,"minecraft:walk_on_water_one_cm":2305,"minecraft:total_world_time":472222,"minecraft:fall_one_cm":19936},"minecraft:killed_by":{"man:managgresive":1,"minecraft:zombie":2,"graveyard:skeleton_creeper":1},"minecraft:mined":{"minecraft:torch":1,"minecraft:packed_ice":1}},"DataVersion":3120}