{"stats":{"minecraft:used":{"minecraft:torch":4},"minecraft:custom":{"minecraft:jump":143,"minecraft:open_chest":1,"minecraft:time_since_rest":215795,"minecraft:walk_on_water_one_cm":459,"minecraft:damage_dealt":66,"minecraft:damage_taken":170,"minecraft:crouch_one_cm":82,"minecraft:leave_game":6,"minecraft:play_time":219151,"minecraft:sprint_one_cm":12377,"minecraft:time_since_death":215773,"minecraft:walk_one_cm":38861,"minecraft:deaths":1,"minecraft:sneak_time":104,"minecraft:climb_one_cm":4453,"minecraft:total_world_time":221002,"minecraft:fall_one_cm":3633,"minecraft:fly_one_cm":30044}},"DataVersion":3120}