{"stats":{"minecraft:custom":{"minecraft:time_since_rest":366833,"minecraft:open_chest":1,"minecraft:crouch_one_cm":2429,"minecraft:sprint_one_cm":114630,"minecraft:play_time":370189,"minecraft:deaths":1,"minecraft:damage_taken":170,"minecraft:walk_one_cm":197658,"minecraft:sneak_time":1401,"minecraft:walk_under_water_one_cm":1200,"minecraft:mob_kills":20,"minecraft:jump":961,"minecraft:damage_dealt":974,"minecraft:leave_game":10,"minecraft:walk_on_water_one_cm":1115,"minecraft:time_since_death":366811,"minecraft:climb_one_cm":13159,"minecraft:total_world_time":372040,"minecraft:fall_one_cm":3633,"minecraft:fly_one_cm":299698},"minecraft:killed":{"kevin_trophy:blister_zombie":13,"minecraft:zombie":6,"kevin_trophy:zombie_brute":1},"minecraft:picked_up":{"minecraft:rotten_flesh":1,"minecraft:fermented_spider_eye":7},"minecraft:used":{"minecraft:stone_brick_stairs":5,"jeg:scrap_workbench":1,"minecraft:gray_terracotta":20,"minecraft:netherite_sword":20,"minecraft:torch":17,"jeg:gunmetal_workbench":1,"minecraft:cyan_terracotta":5,"minecraft:dirt":1,"kevin_trophy:blister_zombie_spawn_egg":13,"minecraft:crafting_table":1,"minecraft:grass_block":1,"cgm:pistol":23,"minecraft:light_gray_terracotta":1,"cgm:grenade":3,"minecraft:smooth_stone_slab":2,"minecraft:spruce_trapdoor":15,"kevin_trophy:zombie_brute_spawn_egg":1,"jeg:custom_smg":349,"minecraft:zombie_spawn_egg":5,"securitycraft:reinforced_smooth_red_sandstone_slab":7}},"DataVersion":3120}