{"stats":{"minecraft:mined":{"minecraft:white_bed":2,"minecraft:ladder":4,"minecraft:spruce_leaves":7,"minecraft:large_fern":2,"minecraft:green_terracotta":2,"minecraft:packed_ice":1,"minecraft:gray_terracotta":7,"minecraft:torch":1,"minecraft:spruce_log":17,"minecraft:stone_brick_stairs":1,"minecraft:grass":2,"minecraft:cobweb":1,"minecraft:iron_trapdoor":1},"minecraft:used":{"minecraft:netherite_sword":20,"minecraft:iron_bars":1,"securitycraft:reinforced_light_gray_terracotta":468,"minecraft:ladder":4,"minecraft:chest":14,"minecraft:spruce_planks":3,"minecraft:iron_sword":1,"minecraft:stone":6,"minecraft:zombie_spawn_egg":152,"securitycraft:security_camera":1,"nzgmaddon:rapid_smg":6,"securitycraft:reinforced_exposed_cut_copper_slab":1,"minecraft:torch":84,"minecraft:dirt":95,"cgm:workbench":4,"securitycraft:keypad_item":3,"jeg:gunnite_workbench":1,"minecraft:cobblestone_wall":6,"jeg:custom_smg":1633,"moguns:glockest_glock":114,"minecraft:light_blue_stained_glass":9,"minecraft:snowball":1,"jeg:grenade":2,"securitycraft:keycard_reader":1,"minecraft:glass":24,"securitycraft:camera_monitor":1,"minecraft:cyan_terracotta":29,"minecraft:lava_bucket":15,"immersive_paintings:painting":5,"minecraft:grass_block":281,"minecraft:lantern":32,"minecraft:iron_axe":31,"minecraft:quartz_block":36,"securitycraft:reinforced_smooth_red_sandstone_slab":7,"immersive_paintings:glow_graffiti":24,"farmersdelight:glow_berry_custard":3,"minecraft:stone_brick_stairs":15,"minecraft:stone_bricks":59,"cgm:grenade_launcher":1,"minecraft:furnace":3,"jeg:revolver":13,"farmersdelight:cooking_pot":1,"jeg:semi_auto_rifle":4,"nzgmaddon:submachine_gun":1911,"minecraft:water_bucket":18,"minecraft:glass_bottle":2,"cgm:pistol":789,"minecraft:baked_potato":4,"securitycraft:keypad_frame":1,"minecraft:blue_bed":5,"minecraft:oak_leaves":1,"moguns:trashcan":24,"minecraft:golden_apple":2,"jeg:gunmetal_workbench":1,"minecraft:crafting_table":5,"minecraft:light_gray_terracotta":20,"immersive_paintings:glow_painting":22,"minecraft:white_bed":15,"minecraft:campfire":6,"cgm:bazooka":4,"kevin_trophy:zombie_brute_spawn_egg":2,"minecraft:deepslate_brick_stairs":1,"immersive_paintings:graffiti":16,"cfm:oak_chair":2,"minecraft:creeper_spawn_egg":76,"minecraft:gray_terracotta":555,"securitycraft:reinforced_grass_block":20,"kevin_trophy:blister_zombie_spawn_egg":13,"minecraft:gray_stained_glass_pane":57,"minecraft:iron_pickaxe":16,"minecraft:stone_button":1,"cgm:grenade":23,"graveyard:skeleton_creeper_spawn_egg":20,"minecraft:spruce_trapdoor":39,"minecraft:iron_door":1,"jeg:scrap_workbench":2,"minecraft:cobblestone":59,"minecraft:potion":3,"minecraft:white_stained_glass":145,"minecraft:bucket":7,"minecraft:chain":6,"minecraft:smooth_stone_slab":13,"cgm:mini_gun":246,"minecraft:splash_potion":130,"minecraft:cobweb":6,"minecraft:gray_stained_glass":20},"minecraft:killed":{"graveyard:skeleton_creeper":13,"graveyard:corrupted_vindicator":1,"graveyard:revenant":4,"minecraft:spider":25,"graveyard:wraith":3,"minecraft:skeleton":66,"graveyard:acolyte":1,"minecraft:chicken":1,"minecraft:drowned":3,"jeg:ghoul":2,"graveyard:ghoul":1,"man:managgresive":2,"minecraft:creeper":45,"minecraft:squid":1,"kevin_trophy:blister_zombie":13,"kevin_trophy:crawler_zombie":2,"minecraft:zombie":266,"kevin_trophy:zombie_brute":2},"minecraft:dropped":{"immersive_paintings:painting":5,"minecraft:iron_helmet":1,"immersive_paintings:graffiti":6,"moguns:micro_uzi":1,"minecraft:chainmail_helmet":1,"minecraft:golden_apple":2,"jeg:custom_smg":2,"moguns:9x19":61,"minecraft:iron_leggings":1,"usefulbackpacks:backpack_small":1,"minecraft:phantom_membrane":2,"minecraft:string":7,"minecraft:bone":21,"cgm:pistol":4,"minecraft:cobbled_deepslate":2,"minecraft:rotten_flesh":26,"minecraft:iron_boots":1,"moguns:glockest_glock":1,"cgm:grenade_launcher":6,"minecraft:gunpowder":9,"minecraft:iron_chestplate":1,"cgm:bazooka":15,"minecraft:spider_eye":19,"minecraft:arrow":10},"minecraft:broken":{"minecraft:iron_boots":3,"minecraft:iron_chestplate":3,"minecraft:iron_leggings":2,"minecraft:iron_helmet":2},"minecraft:killed_by":{"minecraft:player":34,"minecraft:creeper":5,"graveyard:skeleton_creeper":1,"kevin_trophy:crawler_zombie":1,"man:managgresive":2,"minecraft:skeleton":9,"minecraft:zombie":18,"graveyard:wraith":5},"minecraft:crafted":{"minecraft:black_dye":3,"minecraft:coal":45,"minecraft:spruce_planks":64,"minecraft:air":0},"minecraft:picked_up":{"minecraft:fishing_rod":2,"minecraft:iron_chestplate":1,"minecraft:charcoal":2,"minecraft:crafting_table":1,"minecraft:chicken":1,"minecraft:ladder":4,"minecraft:potion":15,"minecraft:stone_brick_stairs":2,"minecraft:shield":1,"minecraft:string":24,"minecraft:iron_leggings":1,"minecraft:netherite_scrap":1,"moguns:glockest_glock":2,"minecraft:iron_shovel":1,"minecraft:zombie_head":2,"graveyard:corruption":5,"moguns:micro_uzi":1,"minecraft:smooth_stone":1,"usefulbackpacks:backpack_small":1,"minecraft:cobbled_deepslate":2,"minecraft:iron_nugget":2,"immersive_paintings:glow_painting":17,"cgm:bazooka":14,"minecraft:phantom_membrane":4,"minecraft:iron_boots":1,"minecraft:furnace":1,"minecraft:copper_ingot":1,"minecraft:torch":13,"minecraft:carrot":1,"minecraft:green_terracotta":6,"minecraft:quartz_block":14,"minecraft:arrow":69,"minecraft:rotten_flesh":319,"minecraft:deepslate_brick_stairs":1,"minecraft:mutton":6,"minecraft:iron_bars":14,"minecraft:snowball":42,"minecraft:white_wool":4,"minecraft:cobblestone":13,"minecraft:andesite":1,"minecraft:potato":3,"minecraft:cobblestone_wall":1,"minecraft:gunpowder":112,"minecraft:blue_bed":3,"minecraft:dirt":99,"minecraft:lantern":11,"cgm:grenade_launcher":5,"minecraft:bone":133,"minecraft:stone_bricks":5,"minecraft:bow":8,"minecraft:gray_terracotta":84,"minecraft:iron_ingot":5,"minecraft:mossy_stone_bricks":1,"minecraft:glass_bottle":3,"minecraft:iron_sword":1,"immersive_paintings:glow_graffiti":17,"moguns:trashcan":1,"minecraft:gravel":1,"minecraft:ink_sac":3,"minecraft:white_bed":2,"minecraft:spruce_log":16,"minecraft:fermented_spider_eye":7,"minecraft:spider_eye":27,"nzgmaddon:extended_barrel":1,"cgm:pistol":4,"minecraft:light_gray_terracotta":8,"minecraft:slime_ball":1,"jeg:custom_smg":2,"minecraft:iron_helmet":1,"minecraft:chainmail_helmet":1,"cgm:workbench":1,"moguns:9x19":16,"minecraft:ender_pearl":5},"minecraft:custom":{"minecraft:mob_kills":475,"minecraft:interact_with_crafting_table":2,"minecraft:open_barrel":14,"minecraft:interact_with_campfire":15,"minecraft:leave_game":28,"minecraft:time_since_death":135,"minecraft:climb_one_cm":35709,"minecraft:sprint_one_cm":1112060,"minecraft:walk_one_cm":1906389,"minecraft:drop":109,"minecraft:play_time":1194309,"minecraft:deaths":91,"minecraft:sneak_time":19170,"minecraft:walk_under_water_one_cm":24486,"minecraft:interact_with_lectern":1,"minecraft:jump":3824,"minecraft:walk_on_water_one_cm":51899,"minecraft:total_world_time":1196160,"minecraft:interact_with_furnace":1,"minecraft:sleep_in_bed":7,"minecraft:time_since_rest":163,"minecraft:damage_taken":20261,"minecraft:damage_dealt":1508,"minecraft:swim_one_cm":26946,"minecraft:fly_one_cm":1790026,"minecraft:player_kills":24,"minecraft:open_chest":89,"minecraft:crouch_one_cm":48745,"minecraft:fall_one_cm":66688}},"DataVersion":3120}