{"stats":{"minecraft:mined":{"minecraft:deepslate_tiles":1,"minecraft:white_bed":2,"minecraft:blue_stained_glass_pane":2,"minecraft:mossy_cobblestone":1,"minecraft:gray_stained_glass_pane":2,"minecraft:ladder":4,"minecraft:grass_block":2,"minecraft:spruce_leaves":15,"minecraft:moss_block":1,"minecraft:nether_wart":30,"minecraft:spawner":4,"minecraft:large_fern":2,"minecraft:carrots":2,"minecraft:green_terracotta":2,"minecraft:vine":1,"minecraft:lantern":1,"minecraft:packed_ice":1,"minecraft:stone":7,"minecraft:gray_terracotta":7,"jeg:scrap_ore":1,"minecraft:cyan_terracotta":2,"minecraft:powder_snow":8,"minecraft:light_gray_terracotta":6,"minecraft:torch":1,"minecraft:white_stained_glass_pane":2,"minecraft:campfire":3,"minecraft:oak_planks":1,"minecraft:iron_door":1,"minecraft:spruce_log":17,"minecraft:stone_brick_stairs":1,"minecraft:smooth_stone_slab":2,"minecraft:grass":2,"minecraft:dirt":3,"minecraft:cobweb":1,"minecraft:stone_bricks":1,"minecraft:iron_trapdoor":1},"minecraft:picked_up":{"minecraft:fishing_rod":3,"minecraft:iron_chestplate":1,"minecraft:charcoal":6,"minecraft:crafting_table":1,"minecraft:ladder":4,"minecraft:chicken":1,"minecraft:nether_wart":85,"graveyard:dark_iron_ingot":4,"minecraft:potion":15,"nzgmaddon:flash_hider":1,"minecraft:stone_brick_stairs":2,"nzgmaddon:hunting_rifle":1,"minecraft:shield":1,"minecraft:string":31,"minecraft:iron_leggings":1,"nzgmaddon:battle_rifle":1,"minecraft:smooth_stone_slab":3,"moguns:glockest_glock":2,"minecraft:netherite_scrap":1,"minecraft:iron_shovel":1,"minecraft:zombie_head":2,"graveyard:corruption":9,"moguns:micro_uzi":1,"minecraft:deepslate_tiles":1,"minecraft:cobbled_deepslate":2,"usefulbackpacks:backpack_small":1,"minecraft:smooth_stone":1,"minecraft:spruce_planks":35,"minecraft:iron_nugget":5,"immersive_paintings:glow_painting":19,"cgm:bazooka":14,"cgm:advanced_bullet":128,"minecraft:phantom_membrane":11,"minecraft:iron_boots":1,"minecraft:furnace":1,"minecraft:golden_helmet":1,"minecraft:raw_iron":64,"moguns:akm":1,"minecraft:copper_ingot":1,"minecraft:torch":13,"minecraft:quartz_pillar":2,"minecraft:carrot":129,"minecraft:green_terracotta":6,"minecraft:black_dye":1,"minecraft:quartz_block":14,"jeg:healing_talisman":2,"minecraft:arrow":100,"minecraft:rotten_flesh":441,"minecraft:tropical_fish":1,"minecraft:cyan_terracotta":2,"minecraft:deepslate_brick_stairs":1,"minecraft:mutton":6,"minecraft:iron_bars":14,"minecraft:snowball":46,"minecraft:white_wool":10,"minecraft:cobblestone":16,"minecraft:polished_diorite_slab":2,"minecraft:iron_door":1,"minecraft:tripwire_hook":1,"nzgmaddon:bolt_action_rifle":2,"minecraft:andesite":1,"minecraft:leather":2,"minecraft:golden_leggings":2,"minecraft:potato":3,"jeg:scrap":2,"minecraft:cobblestone_wall":1,"minecraft:gunpowder":134,"farmersdelight:flint_knife":1,"minecraft:blue_bed":3,"minecraft:dirt":102,"minecraft:lantern":13,"cgm:grenade_launcher":5,"nzgmaddon:hunting_shotgun":2,"minecraft:bone":185,"minecraft:stone_bricks":7,"minecraft:bow":10,"minecraft:gray_terracotta":84,"minecraft:iron_ingot":69,"minecraft:mossy_stone_bricks":1,"minecraft:glass_bottle":3,"minecraft:iron_sword":1,"minecraft:oak_planks":1,"immersive_paintings:glow_graffiti":21,"graveyard:bone_dagger":2,"moguns:trashcan":1,"minecraft:gravel":1,"minecraft:spruce_sapling":1,"minecraft:ink_sac":3,"minecraft:white_bed":2,"minecraft:spruce_log":16,"minecraft:fermented_spider_eye":7,"minecraft:spider_eye":32,"minecraft:mossy_cobblestone":1,"nzgmaddon:extended_barrel":1,"cgm:pistol":4,"nzgmaddon:revolver":1,"minecraft:light_gray_terracotta":23,"minecraft:slime_ball":3,"jeg:ectoplasm":1,"minecraft:diamond":20,"jeg:custom_smg":2,"minecraft:iron_helmet":1,"minecraft:chainmail_helmet":1,"moguns:9x19":16,"cgm:workbench":1,"minecraft:ender_pearl":8},"minecraft:broken":{"minecraft:iron_boots":4,"minecraft:iron_chestplate":3,"minecraft:iron_leggings":3,"minecraft:iron_helmet":3},"minecraft:crafted":{"minecraft:black_dye":3,"minecraft:coal":45,"usefulbackpacks:filter_configurator":1,"minecraft:chest":2,"minecraft:spruce_sign":3,"minecraft:crafting_table":3,"minecraft:spruce_planks":64,"farmersdelight:flint_knife":1,"minecraft:air":0,"minecraft:stick":12},"minecraft:killed_by":{"minecraft:player":37,"minecraft:creeper":5,"graveyard:skeleton_creeper":1,"kevin_trophy:crawler_zombie":1,"man:managgresive":3,"minecraft:skeleton":10,"minecraft:zombie":27,"graveyard:wraith":7},"minecraft:dropped":{"immersive_paintings:painting":5,"immersive_paintings:glow_painting":3,"minecraft:glass_bottle":3,"minecraft:ender_pearl":1,"minecraft:minecart":3,"immersive_paintings:glow_graffiti":4,"minecraft:iron_helmet":1,"immersive_paintings:graffiti":6,"moguns:micro_uzi":1,"nzgmaddon:hunting_shotgun":1,"minecraft:tropical_fish":1,"graveyard:bone_dagger":2,"minecraft:chainmail_helmet":1,"graveyard:corruption":3,"minecraft:golden_apple":2,"minecraft:stick":3,"nzgmaddon:bolt_action_rifle":1,"jeg:custom_smg":2,"firstaid:bandage":16,"moguns:akm":1,"moguns:9x19":61,"usefulbackpacks:backpack_small":1,"minecraft:iron_leggings":1,"nzgmaddon:flash_hider":1,"minecraft:phantom_membrane":6,"minecraft:string":12,"minecraft:tripwire_hook":1,"minecraft:bone":26,"cgm:advanced_bullet":128,"cgm:pistol":4,"minecraft:cobbled_deepslate":2,"graveyard:dark_iron_ingot":4,"minecraft:rotten_flesh":36,"minecraft:oak_planks":1,"minecraft:iron_boots":1,"moguns:glockest_glock":1,"cgm:grenade_launcher":6,"minecraft:carrot":64,"minecraft:gunpowder":9,"minecraft:spruce_planks":35,"minecraft:charcoal":4,"minecraft:iron_chestplate":2,"cgm:bazooka":15,"minecraft:spider_eye":19,"minecraft:arrow":17,"minecraft:bow":1,"nzgmaddon:hunting_rifle":1},"minecraft:used":{"minecraft:netherite_sword":20,"minecraft:iron_bars":1,"securitycraft:reinforced_light_gray_terracotta":468,"minecraft:ladder":4,"minecraft:diamond_hoe":2,"minecraft:spruce_planks":8,"minecraft:chest":18,"minecraft:iron_sword":1,"minecraft:stone":6,"minecraft:zombie_spawn_egg":152,"securitycraft:security_camera":1,"nzgmaddon:rapid_smg":6,"minecraft:green_terracotta":6,"securitycraft:reinforced_exposed_cut_copper_slab":1,"minecraft:torch":84,"minecraft:dirt":98,"securitycraft:keypad_item":3,"cgm:workbench":6,"jeg:gunnite_workbench":2,"minecraft:snowball":5,"minecraft:cobblestone_wall":6,"jeg:custom_smg":1633,"moguns:glockest_glock":335,"jeg:grenade":4,"minecraft:light_blue_stained_glass":9,"nzgmaddon:revolver":176,"securitycraft:keycard_reader":1,"minecraft:glass":24,"securitycraft:camera_monitor":1,"minecraft:cyan_terracotta":31,"minecraft:lava_bucket":15,"minecraft:quartz_pillar":2,"immersive_paintings:painting":5,"minecraft:iron_axe":31,"minecraft:lantern":35,"minecraft:grass_block":281,"minecraft:quartz_block":36,"jeg:healing_talisman":3,"securitycraft:reinforced_smooth_red_sandstone_slab":7,"farmersdelight:glow_berry_custard":3,"minecraft:stone_brick_stairs":15,"immersive_paintings:glow_graffiti":28,"cgm:grenade_launcher":1,"minecraft:stone_bricks":60,"minecraft:furnace":3,"jeg:revolver":13,"farmersdelight:cooking_pot":1,"jeg:semi_auto_rifle":4,"nzgmaddon:submachine_gun":2546,"minecraft:water_bucket":18,"cgm:pistol":968,"minecraft:glass_bottle":2,"minecraft:baked_potato":7,"minecraft:polished_diorite_slab":2,"minecraft:ender_pearl":1,"securitycraft:keypad_frame":1,"minecraft:spruce_sign":1,"usefulbackpacks:filter_configurator":1,"minecraft:blue_bed":6,"minecraft:oak_leaves":1,"moguns:trashcan":24,"minecraft:golden_apple":2,"minecraft:mossy_cobblestone":1,"jeg:gunmetal_workbench":2,"minecraft:crafting_table":7,"minecraft:light_gray_terracotta":35,"immersive_paintings:glow_painting":25,"minecraft:white_bed":15,"minecraft:campfire":15,"cgm:bazooka":4,"kevin_trophy:zombie_brute_spawn_egg":2,"minecraft:deepslate_brick_stairs":1,"immersive_paintings:graffiti":16,"cfm:oak_chair":2,"minecraft:creeper_spawn_egg":76,"minecraft:deepslate_tiles":1,"minecraft:gray_terracotta":555,"securitycraft:reinforced_grass_block":20,"kevin_trophy:blister_zombie_spawn_egg":13,"minecraft:gray_stained_glass_pane":57,"minecraft:iron_pickaxe":44,"minecraft:stone_button":1,"cgm:grenade":37,"graveyard:skeleton_creeper_spawn_egg":20,"minecraft:spruce_trapdoor":39,"minecraft:iron_door":2,"minecraft:spruce_sapling":1,"minecraft:golden_leggings":1,"jeg:scrap_workbench":4,"minecraft:cobblestone":62,"minecraft:potion":8,"minecraft:white_stained_glass":145,"minecraft:bucket":7,"minecraft:chain":6,"jeg:blossom_rifle":47,"minecraft:smooth_stone_slab":16,"nzgmaddon:battle_rifle":230,"cgm:mini_gun":246,"minecraft:splash_potion":131,"jeg:molotov_cocktail":6,"minecraft:smooth_stone":1,"minecraft:cobweb":6,"minecraft:gray_stained_glass":20},"minecraft:killed":{"graveyard:skeleton_creeper":13,"graveyard:corrupted_vindicator":1,"graveyard:revenant":7,"minecraft:spider":31,"graveyard:wraith":6,"minecraft:skeleton":117,"graveyard:acolyte":4,"minecraft:chicken":1,"minecraft:axolotl":1,"minecraft:drowned":3,"minecraft:tropical_fish":2,"jeg:ghoul":3,"graveyard:ghoul":2,"man:managgresive":2,"minecraft:bat":1,"minecraft:creeper":66,"minecraft:squid":1,"kevin_trophy:blister_zombie":14,"minecraft:pillager":2,"kevin_trophy:crawler_zombie":2,"minecraft:zombie":398,"kevin_trophy:zombie_brute":2},"minecraft:custom":{"minecraft:mob_kills":708,"minecraft:interact_with_crafting_table":10,"minecraft:open_barrel":55,"minecraft:interact_with_campfire":15,"minecraft:leave_game":30,"minecraft:time_since_death":13283,"minecraft:climb_one_cm":68560,"minecraft:sprint_one_cm":1510065,"minecraft:walk_one_cm":2483676,"minecraft:drop":156,"minecraft:play_time":1390251,"minecraft:sneak_time":26756,"minecraft:deaths":113,"minecraft:walk_under_water_one_cm":85572,"minecraft:interact_with_lectern":1,"minecraft:jump":5570,"minecraft:walk_on_water_one_cm":95503,"minecraft:total_world_time":1392102,"minecraft:interact_with_furnace":1,"minecraft:sleep_in_bed":7,"minecraft:time_since_rest":13308,"minecraft:damage_taken":26264,"minecraft:damage_dealt":1513,"minecraft:player_kills":25,"minecraft:swim_one_cm":52338,"minecraft:fly_one_cm":2070642,"minecraft:open_chest":205,"minecraft:crouch_one_cm":65488,"minecraft:fall_one_cm":111082}},"DataVersion":3120}