{
  "cold_sweat:extreme_temps": {
    "criteria": {
      "requirement": "2024-10-23 03:12:13 +0000"
    },
    "done": true
  },
  "cold_sweat:root": {
    "criteria": {
      "requirement": "2024-10-23 03:12:13 +0000"
    },
    "done": true
  },
  "moguns:crayfish/root": {
    "criteria": {
      "tick": "2024-10-23 03:12:13 +0000"
    },
    "done": true
  },
  "moguns:weapons/root": {
    "criteria": {
      "tick": "2024-10-23 03:12:13 +0000"
    },
    "done": true
  },
  "takesapillage:root": {
    "criteria": {
      "always": "2024-10-23 03:12:13 +0000"
    },
    "done": true
  },
  "cold_sweat:recipes/thermometer": {
    "criteria": {
      "temperature": "2024-10-23 03:12:13 +0000"
    },
    "done": true
  },
  "parcool:grant_parcool_guide": {
    "criteria": {
      "tick": "2024-10-23 03:12:13 +0000"
    },
    "done": true
  },
  "minecraft:adventure/adventuring_time": {
    "criteria": {
      "minecraft:taiga": "2024-10-23 03:12:14 +0000",
      "minecraft:snowy_beach": "2024-10-23 03:12:18 +0000"
    },
    "done": false
  },
  "DataVersion": 3120
}