{
  "cfm:recipes/cfm/spruce_kitchen_drawer": {
    "criteria": {
      "has_log": "2024-10-23 05:05:46 +0000"
    },
    "done": true
  },
  "cfm:recipes/cfm/spruce_kitchen_counter": {
    "criteria": {
      "has_log": "2024-10-23 05:05:46 +0000"
    },
    "done": true
  },
  "jeg:recipes/jeg/workbench": {
    "criteria": {
      "has_planks": "2024-10-23 05:05:48 +0000"
    },
    "done": true
  },
  "minecraft:recipes/decorations/spruce_sign": {
    "criteria": {
      "has_planks": "2024-10-23 05:05:48 +0000"
    },
    "done": true
  },
  "cfm:recipes/cfm/spruce_kitchen_sink_dark": {
    "criteria": {
      "has_bottom": "2024-10-23 05:05:48 +0000"
    },
    "done": true
  },
  "mcwfences:recipes/deepslate": {
    "criteria": {
      "has_deepslate": "2024-10-23 05:05:46 +0000"
    },
    "done": true
  },
  "takesapillage:root": {
    "criteria": {
      "always": "2024-10-23 05:05:26 +0000"
    },
    "done": true
  },
  "cold_sweat:recipes/thermometer": {
    "criteria": {
      "temperature": "2024-10-23 05:05:26 +0000"
    },
    "done": true
  },
  "minecraft:recipes/redstone/spruce_door": {
    "criteria": {
      "has_planks": "2024-10-23 05:05:48 +0000"
    },
    "done": true
  },
  "cold_sweat:root": {
    "criteria": {
      "requirement": "2024-10-23 05:05:26 +0000"
    },
    "done": true
  },
  "cfm:recipes/cfm/stripped_spruce_bedside_cabinet": {
    "criteria": {
      "has_planks": "2024-10-23 05:05:46 +0000"
    },
    "done": true
  },
  "mcwfences:recipes/blackstone": {
    "criteria": {
      "has_blackstone": "2024-10-23 05:05:46 +0000"
    },
    "done": true
  },
  "mcwbridges:recipes/spruce_bridge_pier": {
    "criteria": {
      "has_planks": "2024-10-23 05:05:46 +0000"
    },
    "done": true
  },
  "cfm:recipes/cfm/stripped_spruce_table": {
    "criteria": {
      "has_planks": "2024-10-23 05:05:46 +0000"
    },
    "done": true
  },
  "moguns:weapons/root": {
    "criteria": {
      "tick": "2024-10-23 05:05:26 +0000"
    },
    "done": true
  },
  "minecraft:recipes/redstone/spruce_fence_gate": {
    "criteria": {
      "has_planks": "2024-10-23 05:05:48 +0000"
    },
    "done": true
  },
  "cfm:recipes/cfm/spruce_blinds": {
    "criteria": {
      "has_log": "2024-10-23 05:05:46 +0000"
    },
    "done": true
  },
  "mcwbridges:recipes/rope_spruce_bridge": {
    "criteria": {
      "has_planks": "2024-10-23 05:05:48 +0000"
    },
    "done": true
  },
  "mcwfences:recipes/sandstone": {
    "criteria": {
      "has_sand": "2024-10-23 05:05:46 +0000"
    },
    "done": true
  },
  "cfm:recipes/cfm/spruce_bedside_cabinet": {
    "criteria": {
      "has_log": "2024-10-23 05:05:46 +0000"
    },
    "done": true
  },
  "minecraft:adventure/adventuring_time": {
    "criteria": {
      "minecraft:taiga": "2024-10-23 05:05:27 +0000"
    },
    "done": false
  },
  "minecraft:recipes/decorations/crafting_table": {
    "criteria": {
      "has_planks": "2024-10-23 05:05:48 +0000"
    },
    "done": true
  },
  "minecraft:recipes/misc/charcoal": {
    "criteria": {
      "has_log": "2024-10-23 05:05:46 +0000"
    },
    "done": true
  },
  "mcwfences:recipes/mud_brick": {
    "criteria": {
      "has_qq": "2024-10-23 05:05:46 +0000"
    },
    "done": true
  },
  "minecraft:recipes/building_blocks/spruce_planks": {
    "criteria": {
      "has_logs": "2024-10-23 05:05:46 +0000"
    },
    "done": true
  },
  "cfm:recipes/cfm/stripped_spruce_kitchen_drawer": {
    "criteria": {
      "has_log": "2024-10-23 05:05:46 +0000"
    },
    "done": true
  },
  "cold_sweat:extreme_temps": {
    "criteria": {
      "requirement": "2024-10-23 05:05:26 +0000"
    },
    "done": true
  },
  "mcwfences:recipes/nether": {
    "criteria": {
      "has_nether_brick": "2024-10-23 05:05:46 +0000"
    },
    "done": true
  },
  "minecraft:recipes/redstone/spruce_button": {
    "criteria": {
      "has_planks": "2024-10-23 05:05:48 +0000"
    },
    "done": true
  },
  "minecraft:recipes/decorations/barrel": {
    "criteria": {
      "has_planks": "2024-10-23 05:05:48 +0000"
    },
    "done": true
  },
  "mcwfences:recipes/crimson": {
    "criteria": {
      "has_crimson": "2024-10-23 05:05:46 +0000"
    },
    "done": true
  },
  "mcwfences:recipes/stone": {
    "criteria": {
      "has_stone": "2024-10-23 05:05:46 +0000"
    },
    "done": true
  },
  "securitycraft:recipes/securitycraft/sc_manual": {
    "criteria": {
      "has_wood": "2024-10-23 05:05:46 +0000"
    },
    "done": true
  },
  "mcwfences:recipes/mangrove": {
    "criteria": {
      "has_mangrove": "2024-10-23 05:05:46 +0000"
    },
    "done": true
  },
  "moguns:crayfish/root": {
    "criteria": {
      "tick": "2024-10-23 05:05:26 +0000"
    },
    "done": true
  },
  "minecraft:recipes/misc/stick": {
    "criteria": {
      "has_planks": "2024-10-23 05:05:48 +0000"
    },
    "done": true
  },
  "mcwfences:recipes/warped": {
    "criteria": {
      "has_warped": "2024-10-23 05:05:46 +0000"
    },
    "done": true
  },
  "minecraft:recipes/building_blocks/spruce_wood": {
    "criteria": {
      "has_log": "2024-10-23 05:05:46 +0000"
    },
    "done": true
  },
  "cfm:recipes/cfm/spruce_kitchen_sink_light": {
    "criteria": {
      "has_bottom": "2024-10-23 05:05:48 +0000"
    },
    "done": true
  },
  "cfm:recipes/cfm/stripped_spruce_cabinet": {
    "criteria": {
      "has_log": "2024-10-23 05:05:46 +0000"
    },
    "done": true
  },
  "mcwfences:recipes/prismarine": {
    "criteria": {
      "has_qq": "2024-10-23 05:05:46 +0000"
    },
    "done": true
  },
  "mcwfences:recipes/bamboo": {
    "criteria": {
      "has_bamboo": "2024-10-23 05:05:46 +0000"
    },
    "done": true
  },
  "cfm:recipes/cfm/spruce_upgraded_gate": {
    "criteria": {
      "has_log": "2024-10-23 05:05:46 +0000"
    },
    "done": true
  },
  "cfm:recipes/cfm/stripped_spruce_park_bench": {
    "criteria": {
      "has_log": "2024-10-23 05:05:46 +0000"
    },
    "done": true
  },
  "mcwfences:recipes/acacia": {
    "criteria": {
      "has_acacia": "2024-10-23 05:05:46 +0000"
    },
    "done": true
  },
  "farmersdelight:main/root": {
    "criteria": {
      "seeds": "2024-10-23 05:05:46 +0000"
    },
    "done": true
  },
  "cfm:recipes/cfm/stripped_spruce_crate": {
    "criteria": {
      "has_planks": "2024-10-23 05:05:46 +0000"
    },
    "done": true
  },
  "mcwfences:recipes/jungle": {
    "criteria": {
      "has_jungle": "2024-10-23 05:05:46 +0000"
    },
    "done": true
  },
  "minecraft:recipes/decorations/spruce_fence": {
    "criteria": {
      "has_planks": "2024-10-23 05:05:48 +0000"
    },
    "done": true
  },
  "cfm:recipes/cfm/spruce_coffee_table": {
    "criteria": {
      "has_log": "2024-10-23 05:05:46 +0000"
    },
    "done": true
  },
  "minecraft:recipes/building_blocks/spruce_slab": {
    "criteria": {
      "has_planks": "2024-10-23 05:05:48 +0000"
    },
    "done": true
  },
  "mcwfences:recipes/quartz": {
    "criteria": {
      "has_qq": "2024-10-23 05:05:46 +0000"
    },
    "done": true
  },
  "mcwfences:recipes/spruce": {
    "criteria": {
      "has_spruce": "2024-10-23 05:05:46 +0000"
    },
    "done": true
  },
  "mcwfences:recipes/oak": {
    "criteria": {
      "has_oak": "2024-10-23 05:05:46 +0000"
    },
    "done": true
  },
  "cfm:recipes/cfm/spruce_upgraded_fence": {
    "criteria": {
      "has_log": "2024-10-23 05:05:46 +0000"
    },
    "done": true
  },
  "mcwfences:recipes/hedge": {
    "criteria": {
      "has_birch": "2024-10-23 05:05:46 +0000"
    },
    "done": true
  },
  "mcwfences:recipes/end": {
    "criteria": {
      "has_end_brick": "2024-10-23 05:05:46 +0000"
    },
    "done": true
  },
  "mcwfences:recipes/birch": {
    "criteria": {
      "has_birch": "2024-10-23 05:05:46 +0000"
    },
    "done": true
  },
  "cfm:recipes/cfm/stripped_spruce_coffee_table": {
    "criteria": {
      "has_planks": "2024-10-23 05:05:46 +0000"
    },
    "done": true
  },
  "cfm:recipes/cfm/spruce_desk": {
    "criteria": {
      "has_log": "2024-10-23 05:05:46 +0000"
    },
    "done": true
  },
  "mcwfences:recipes/dark_oak": {
    "criteria": {
      "has_dark_oak": "2024-10-23 05:05:46 +0000"
    },
    "done": true
  },
  "mcwbridges:recipes/spruce_log_bridge_middle": {
    "criteria": {
      "has_planks": "2024-10-23 05:05:48 +0000"
    },
    "done": true
  },
  "cfm:recipes/cfm/spruce_cabinet": {
    "criteria": {
      "has_log": "2024-10-23 05:05:46 +0000"
    },
    "done": true
  },
  "minecraft:recipes/building_blocks/spruce_stairs": {
    "criteria": {
      "has_planks": "2024-10-23 05:05:48 +0000"
    },
    "done": true
  },
  "cfm:recipes/cfm/stripped_spruce_chair": {
    "criteria": {
      "has_planks": "2024-10-23 05:05:46 +0000"
    },
    "done": true
  },
  "cfm:recipes/cfm/stripped_spruce_desk_cabinet": {
    "criteria": {
      "has_planks": "2024-10-23 05:05:46 +0000"
    },
    "done": true
  },
  "parcool:grant_parcool_guide": {
    "criteria": {
      "tick": "2024-10-23 05:05:26 +0000"
    },
    "done": true
  },
  "minecraft:recipes/redstone/spruce_trapdoor": {
    "criteria": {
      "has_planks": "2024-10-23 05:05:48 +0000"
    },
    "done": true
  },
  "cfm:recipes/cfm/spruce_park_bench": {
    "criteria": {
      "has_log": "2024-10-23 05:05:46 +0000"
    },
    "done": true
  },
  "cfm:recipes/cfm/stripped_spruce_kitchen_counter": {
    "criteria": {
      "has_log": "2024-10-23 05:05:46 +0000"
    },
    "done": true
  },
  "cfm:recipes/cfm/stripped_spruce_desk": {
    "criteria": {
      "has_planks": "2024-10-23 05:05:46 +0000"
    },
    "done": true
  },
  "ironchest:recipes/ironchest/upgrades/wood_to_copper_chest_upgrade": {
    "criteria": {
      "has_item": "2024-10-23 05:05:48 +0000"
    },
    "done": true
  },
  "minecraft:story/root": {
    "criteria": {
      "crafting_table": "2024-10-23 05:05:50 +0000"
    },
    "done": true
  },
  "cfm:recipes/cfm/spruce_crate": {
    "criteria": {
      "has_log": "2024-10-23 05:05:46 +0000"
    },
    "done": true
  },
  "minecraft:recipes/redstone/spruce_pressure_plate": {
    "criteria": {
      "has_planks": "2024-10-23 05:05:48 +0000"
    },
    "done": true
  },
  "cfm:recipes/cfm/spruce_table": {
    "criteria": {
      "has_log": "2024-10-23 05:05:46 +0000"
    },
    "done": true
  },
  "mcwbridges:recipes/spruce_rail_bridge": {
    "criteria": {
      "has_planks": "2024-10-23 05:05:48 +0000"
    },
    "done": true
  },
  "cfm:recipes/cfm/spruce_chair": {
    "criteria": {
      "has_log": "2024-10-23 05:05:46 +0000"
    },
    "done": true
  },
  "cfm:recipes/cfm/spruce_desk_cabinet": {
    "criteria": {
      "has_log": "2024-10-23 05:05:46 +0000"
    },
    "done": true
  },
  "DataVersion": 3120
}